#
# A fatal error has been detected by the Java Runtime Environment:
#
#  SIGSEGV (0xb) at pc=0x0000700301360b73, pid=42813, tid=42814
#
# JRE version: OpenJDK Runtime Environment Temurin-25.0.3+9 (25.0.3+9) (build 25.0.3+9-LTS)
# Java VM: OpenJDK 64-Bit Server VM Temurin-25.0.3+9 (25.0.3+9-LTS, mixed mode, tiered, compressed oops, compressed class ptrs, g1 gc, linux-amd64)
# Problematic frame:
# C  [libgtk-3.so.0+0x360b73]  gtk_widget_realize+0x43
#
# Core dump will be written. Default location: Determined by the following: "/usr/share/apport/apport -p%p -s%s -c%c -d%d -P%P -u%u -g%g -F%F -- %E" (alternatively, falling back to /home/amina/AegisFlow/core.42813)
#
# If you would like to submit a bug report, please visit:
#   https://github.com/adoptium/adoptium-support/issues
# The crash happened outside the Java Virtual Machine in native code.
# See problematic frame for where to report the bug.
#

---------------  S U M M A R Y ------------

Command Line: -XX:+IgnoreUnrecognizedVMOptions -Dosgi.requiredJavaVersion=21 -Dfile.encoding=UTF-8 --sun-misc-unsafe-memory-access=allow --enable-native-access=ALL-UNNAMED --add-modules=ALL-DEFAULT --add-opens=java.base/java.io=ALL-UNNAMED --add-opens=java.base/java.lang=ALL-UNNAMED --add-opens=java.base/java.lang.reflect=ALL-UNNAMED --add-opens=java.base/java.net=ALL-UNNAMED --add-opens=java.base/java.nio=ALL-UNNAMED --add-opens=java.base/java.nio.charset=ALL-UNNAMED --add-opens=java.base/java.text=ALL-UNNAMED --add-opens=java.base/java.time=ALL-UNNAMED --add-opens=java.base/java.util=ALL-UNNAMED --add-opens=java.base/java.util.concurrent=ALL-UNNAMED --add-opens=java.base/java.util.concurrent.atomic=ALL-UNNAMED --add-opens=java.base/jdk.internal.vm=ALL-UNNAMED --add-opens=java.base/jdk.internal.misc=ALL-UNNAMED --add-opens=java.base/sun.nio.ch=ALL-UNNAMED --add-opens=java.base/sun.nio.fs=ALL-UNNAMED --add-opens=java.base/sun.security.ssl=ALL-UNNAMED --add-opens=java.base/sun.security.util=ALL-UNNAMED --add-opens=java.security.jgss/sun.security.jgss=ALL-UNNAMED --add-opens=java.security.jgss/sun.security.krb5=ALL-UNNAMED --add-opens=java.desktop/java.awt=ALL-UNNAMED --add-opens=java.desktop/java.awt.peer=ALL-UNNAMED --add-opens=java.sql/java.sql=ALL-UNNAMED -Xms64m -Xmx1024m -Ddbeaver.distribution.type=deb -Duser.home=/home/amina/snap/dbeaver-ce/549 /snap/dbeaver-ce/549/usr/share/dbeaver-ce//plugins/org.jkiss.dbeaver.launcher_1.0.60.202608301738.jar -os linux -ws gtk -arch x86_64 -showsplash -launcher /snap/dbeaver-ce/549/usr/share/dbeaver-ce/dbeaver -name Dbeaver --launcher.library /snap/dbeaver-ce/549/usr/share/dbeaver-ce//plugins/org.eclipse.equinox.launcher.gtk.linux.x86_64_1.2.1500.v20250801-0854/eclipse_11916.so -startup /snap/dbeaver-ce/549/usr/share/dbeaver-ce//plugins/org.jkiss.dbeaver.launcher_1.0.60.202608301738.jar --launcher.overrideVmargs -exitdata 50010 -vm /snap/dbeaver-ce/549/usr/share/dbeaver-ce/jre/bin/java -vmargs -XX:+IgnoreUnrecognizedVMOptions -Dosgi.requiredJavaVersion=21 -Dfile.encoding=UTF-8 --sun-misc-unsafe-memory-access=allow --enable-native-access=ALL-UNNAMED --add-modules=ALL-DEFAULT --add-opens=java.base/java.io=ALL-UNNAMED --add-opens=java.base/java.lang=ALL-UNNAMED --add-opens=java.base/java.lang.reflect=ALL-UNNAMED --add-opens=java.base/java.net=ALL-UNNAMED --add-opens=java.base/java.nio=ALL-UNNAMED --add-opens=java.base/java.nio.charset=ALL-UNNAMED --add-opens=java.base/java.text=ALL-UNNAMED --add-opens=java.base/java.time=ALL-UNNAMED --add-opens=java.base/java.util=ALL-UNNAMED --add-opens=java.base/java.util.concurrent=ALL-UNNAMED --add-opens=java.base/java.util.concurrent.atomic=ALL-UNNAMED --add-opens=java.base/jdk.internal.vm=ALL-UNNAMED --add-opens=java.base/jdk.internal.misc=ALL-UNNAMED --add-opens=java.base/sun.nio.ch=ALL-UNNAMED --add-opens=java.base/sun.nio.fs=ALL-UNNAMED --add-opens=java.base/sun.security.ssl=ALL-UNNAMED --add-opens=java.base/sun.security.util=ALL-UNNAMED --add-opens=java.security.jgss/sun.security.jgss=ALL-UNNAMED --add-opens=java.security.jgss/sun.security.krb5=ALL-UNNAMED --add-opens=java.desktop/java.awt=ALL-UNNAMED --add-opens=java.desktop/java.awt.peer=ALL-UNNAMED --add-opens=java.sql/java.sql=ALL-UNNAMED -Xms64m -Xmx1024m -Ddbeaver.distribution.type=deb -jar /snap/dbeaver-ce/549/usr/share/dbeaver-ce//plugins/org.jkiss.dbeaver.launcher_1.0.60.202608301738.jar

Host: Intel(R) Core(TM) i5-8350U CPU @ 1.70GHz, 8 cores, 15G, Ubuntu 24.04.5 LTS
Time: Fri Sep 11 13:31:37 2026 PKT elapsed time: 17.677971 seconds (0d 0h 0m 17s)

---------------  T H R E A D  ---------------

Current thread (0x000070032402e600):  JavaThread "main"             [_thread_in_native, id=42814, stack(0x000070032b805000,0x000070032b905000) (1024K)]

Stack: [0x000070032b805000,0x000070032b905000],  sp=0x000070032b901c60,  free space=1011k
Native frames: (J=compiled Java code, j=interpreted, Vv=VM code, C=native code)
C  [libgtk-3.so.0+0x360b73]  gtk_widget_realize+0x43
C  [libswt-pi3-gtk-4973r12.so+0x49e30]  Java_org_eclipse_swt_internal_gtk_GTK_gtk_1widget_1realize+0xc
j  org.eclipse.swt.widgets.Shell.createHandle(I)V+620
j  org.eclipse.swt.widgets.Widget.createWidget(I)V+2
j  org.eclipse.swt.widgets.Control.createWidget(I)V+22
j  org.eclipse.swt.widgets.Scrollable.createWidget(I)V+2
j  org.eclipse.swt.widgets.Decorations.createWidget(I)V+2
j  org.eclipse.swt.widgets.Shell.<init>(Lorg/eclipse/swt/widgets/Display;Lorg/eclipse/swt/widgets/Shell;IJZ)V+167
j  org.eclipse.swt.widgets.Shell.internal_new(Lorg/eclipse/swt/widgets/Display;J)Lorg/eclipse/swt/widgets/Shell;+10
j  org.eclipse.ui.internal.WorkbenchPlugin.getSplashShell(Lorg/eclipse/swt/widgets/Display;)Lorg/eclipse/swt/widgets/Shell;+64
j  org.jkiss.dbeaver.ui.app.standalone.ApplicationWorkbenchWindowAdvisor.runWithSplashHidden(Ljava/lang/Runnable;)V+3
j  org.jkiss.dbeaver.ui.app.standalone.ApplicationWorkbenchWindowAdvisor.showProductConfigDialog()V+22
j  org.jkiss.dbeaver.ui.app.standalone.ApplicationWorkbenchWindowAdvisor.preWindowOpen()V+9
j  org.eclipse.ui.internal.WorkbenchWindow.fireWindowOpening()V+4
j  org.eclipse.ui.internal.WorkbenchWindow.setup()V+419
j  java.lang.invoke.LambdaForm$DMH+0x000000003e086400.invokeVirtual(Ljava/lang/Object;Ljava/lang/Object;)V+10 java.base@25.0.3
j  java.lang.invoke.LambdaForm$MH+0x000000003e388400.invoke(Ljava/lang/Object;Ljava/lang/Object;)Ljava/lang/Object;+31 java.base@25.0.3
J 1097 c1 jdk.internal.reflect.DirectMethodHandleAccessor.invoke(Ljava/lang/Object;[Ljava/lang/Object;)Ljava/lang/Object; java.base@25.0.3 (92 bytes) @ 0x0000700310fe8cac [0x0000700310fe7a80+0x000000000000122c]
J 1096 c1 java.lang.reflect.Method.invoke(Ljava/lang/Object;[Ljava/lang/Object;)Ljava/lang/Object; java.base@25.0.3 (108 bytes) @ 0x0000700310fe5924 [0x0000700310fe5380+0x00000000000005a4]
j  org.eclipse.e4.core.internal.di.MethodRequestor.execute()Ljava/lang/Object;+77
j  org.eclipse.e4.core.internal.di.InjectorImpl.processAnnotated(Lorg/eclipse/e4/core/internal/di/AnnotationLookup$AnnotationProxy;Ljava/lang/Object;Ljava/lang/Class;Lorg/eclipse/e4/core/di/suppliers/PrimaryObjectSupplier;Lorg/eclipse/e4/core/di/suppliers/PrimaryObjectSupplier;Ljava/util/List;)V+190
j  org.eclipse.e4.core.internal.di.InjectorImpl.internalInject(Ljava/lang/Object;Lorg/eclipse/e4/core/di/suppliers/PrimaryObjectSupplier;Lorg/eclipse/e4/core/di/suppliers/PrimaryObjectSupplier;)V+175
j  org.eclipse.e4.core.internal.di.InjectorImpl.inject(Ljava/lang/Object;Lorg/eclipse/e4/core/di/suppliers/PrimaryObjectSupplier;)V+4
j  org.eclipse.e4.core.contexts.ContextInjectionFactory.inject(Ljava/lang/Object;Lorg/eclipse/e4/core/contexts/IEclipseContext;)V+13
j  org.eclipse.ui.internal.Workbench.createWorkbenchWindow(Lorg/eclipse/core/runtime/IAdaptable;Lorg/eclipse/ui/IPerspectiveDescriptor;Lorg/eclipse/e4/ui/model/application/ui/basic/MWindow;Z)Lorg/eclipse/ui/IWorkbenchWindow;+180
j  org.eclipse.ui.internal.Workbench.getActiveWorkbenchWindow()Lorg/eclipse/ui/IWorkbenchWindow;+179
j  org.jkiss.dbeaver.ui.app.standalone.ApplicationWorkbenchAdvisor.resetPerspectiveIfNeeded()V+3
j  org.jkiss.dbeaver.ui.app.standalone.ApplicationWorkbenchAdvisor.postStartup()V+17
j  org.eclipse.ui.internal.Workbench.lambda$19()V+4
j  org.eclipse.ui.internal.Workbench$$Lambda+0x000000003e641020.run()V+4
j  org.eclipse.e4.ui.internal.workbench.swt.PartRenderingEngine$5.run()V+432
j  org.eclipse.core.databinding.observable.Realm.runWithDefault(Lorg/eclipse/core/databinding/observable/Realm;Ljava/lang/Runnable;)V+12
j  org.eclipse.e4.ui.internal.workbench.swt.PartRenderingEngine.run(Lorg/eclipse/e4/ui/model/application/MApplicationElement;Lorg/eclipse/e4/core/contexts/IEclipseContext;)Ljava/lang/Object;+57
j  org.eclipse.e4.ui.internal.workbench.E4Workbench.createAndRunUI(Lorg/eclipse/e4/ui/model/application/MApplicationElement;)V+20
j  org.eclipse.ui.internal.Workbench.lambda$3(Lorg/eclipse/swt/widgets/Display;Lorg/eclipse/ui/application/WorkbenchAdvisor;[I)V+352
j  org.eclipse.ui.internal.Workbench$$Lambda+0x000000003e2d3ba8.run()V+12
j  org.eclipse.core.databinding.observable.Realm.runWithDefault(Lorg/eclipse/core/databinding/observable/Realm;Ljava/lang/Runnable;)V+12
j  org.eclipse.ui.internal.Workbench.createAndRunWorkbench(Lorg/eclipse/swt/widgets/Display;Lorg/eclipse/ui/application/WorkbenchAdvisor;)I+16
j  org.eclipse.ui.PlatformUI.createAndRunWorkbench(Lorg/eclipse/swt/widgets/Display;Lorg/eclipse/ui/application/WorkbenchAdvisor;)I+2
j  org.jkiss.dbeaver.ui.app.standalone.DBeaverApplication.start(Lorg/eclipse/equinox/app/IApplicationContext;)Ljava/lang/Object;+772
j  org.eclipse.equinox.internal.app.EclipseAppHandle.run(Ljava/lang/Object;)Ljava/lang/Object;+138
j  org.eclipse.core.runtime.internal.adaptor.EclipseAppLauncher.runApplication(Ljava/lang/Object;)Ljava/lang/Object;+85
j  org.eclipse.core.runtime.internal.adaptor.EclipseAppLauncher.start(Ljava/lang/Object;)Ljava/lang/Object;+79
j  org.eclipse.core.runtime.adaptor.EclipseStarter.run(Ljava/lang/Object;)Ljava/lang/Object;+99
j  org.eclipse.core.runtime.adaptor.EclipseStarter.run([Ljava/lang/String;Ljava/lang/Runnable;)Ljava/lang/Object;+132
J 449 c1 java.lang.invoke.DirectMethodHandle$Holder.invokeStatic(Ljava/lang/Object;Ljava/lang/Object;Ljava/lang/Object;)Ljava/lang/Object; java.base@25.0.3 (15 bytes) @ 0x0000700310f15f6c [0x0000700310f15c00+0x000000000000036c]
j  java.lang.invoke.LambdaForm$MH+0x000000003e146800.invoke(Ljava/lang/Object;Ljava/lang/Object;Ljava/lang/Object;Ljava/lang/Object;)Ljava/lang/Object;+54 java.base@25.0.3
j  java.lang.invoke.LambdaForm$MH+0x000000003e146c00.invokeExact_MT(Ljava/lang/Object;Ljava/lang/Object;Ljava/lang/Object;Ljava/lang/Object;Ljava/lang/Object;)Ljava/lang/Object;+22 java.base@25.0.3
j  jdk.internal.reflect.DirectMethodHandleAccessor.invokeImpl(Ljava/lang/Object;[Ljava/lang/Object;)Ljava/lang/Object;+72 java.base@25.0.3
j  jdk.internal.reflect.DirectMethodHandleAccessor.invoke(Ljava/lang/Object;[Ljava/lang/Object;)Ljava/lang/Object;+23 java.base@25.0.3
j  java.lang.reflect.Method.invoke(Ljava/lang/Object;[Ljava/lang/Object;)Ljava/lang/Object;+102 java.base@25.0.3
j  org.jkiss.dbeaver.launcher.DBeaverLauncher.invokeFramework([Ljava/lang/String;[Ljava/net/URL;)V+205
j  org.jkiss.dbeaver.launcher.DBeaverLauncher.basicRun([Ljava/lang/String;)V+481
j  org.jkiss.dbeaver.launcher.DBeaverLauncher.run([Ljava/lang/String;)I+57
j  org.jkiss.dbeaver.launcher.DBeaverLauncher.main([Ljava/lang/String;)V+10
v  ~StubRoutines::call_stub 0x00007003183cffa6
V  [libjvm.so+0xa23840]  JavaCalls::call_helper(JavaValue*, methodHandle const&, JavaCallArguments*, JavaThread*)+0x2b0
V  [libjvm.so+0xaedd96]  jni_invoke_static(JNIEnv_*, JavaValue*, _jobject*, JNICallType, _jmethodID*, JNI_ArgumentPusher*, JavaThread*) [clone .constprop.1]+0x396
V  [libjvm.so+0xaf0c51]  jni_CallStaticVoidMethod+0x161
C  [libjli.so+0xa77a]  invokeStaticMainWithArgs+0x4a
C  [libjli.so+0xb800]  JavaMain+0xeb0
C  [libjli.so+0xed89]  ThreadJavaMain+0x9
C  [libc.so.6+0x9cb84]
Java frames: (J=compiled Java code, j=interpreted, Vv=VM code)
J 6886  org.eclipse.swt.internal.gtk.GTK.gtk_widget_realize(J)V (0 bytes) @ 0x0000700318ae58c9 [0x0000700318ae5880+0x0000000000000049]
j  org.eclipse.swt.widgets.Shell.createHandle(I)V+620
j  org.eclipse.swt.widgets.Widget.createWidget(I)V+2
j  org.eclipse.swt.widgets.Control.createWidget(I)V+22
j  org.eclipse.swt.widgets.Scrollable.createWidget(I)V+2
j  org.eclipse.swt.widgets.Decorations.createWidget(I)V+2
j  org.eclipse.swt.widgets.Shell.<init>(Lorg/eclipse/swt/widgets/Display;Lorg/eclipse/swt/widgets/Shell;IJZ)V+167
j  org.eclipse.swt.widgets.Shell.internal_new(Lorg/eclipse/swt/widgets/Display;J)Lorg/eclipse/swt/widgets/Shell;+10
j  org.eclipse.ui.internal.WorkbenchPlugin.getSplashShell(Lorg/eclipse/swt/widgets/Display;)Lorg/eclipse/swt/widgets/Shell;+64
j  org.jkiss.dbeaver.ui.app.standalone.ApplicationWorkbenchWindowAdvisor.runWithSplashHidden(Ljava/lang/Runnable;)V+3
j  org.jkiss.dbeaver.ui.app.standalone.ApplicationWorkbenchWindowAdvisor.showProductConfigDialog()V+22
j  org.jkiss.dbeaver.ui.app.standalone.ApplicationWorkbenchWindowAdvisor.preWindowOpen()V+9
j  org.eclipse.ui.internal.WorkbenchWindow.fireWindowOpening()V+4
j  org.eclipse.ui.internal.WorkbenchWindow.setup()V+419
j  java.lang.invoke.LambdaForm$DMH+0x000000003e086400.invokeVirtual(Ljava/lang/Object;Ljava/lang/Object;)V+10 java.base@25.0.3
j  java.lang.invoke.LambdaForm$MH+0x000000003e388400.invoke(Ljava/lang/Object;Ljava/lang/Object;)Ljava/lang/Object;+31 java.base@25.0.3
J 1097 c1 jdk.internal.reflect.DirectMethodHandleAccessor.invoke(Ljava/lang/Object;[Ljava/lang/Object;)Ljava/lang/Object; java.base@25.0.3 (92 bytes) @ 0x0000700310fe8cac [0x0000700310fe7a80+0x000000000000122c]
J 1096 c1 java.lang.reflect.Method.invoke(Ljava/lang/Object;[Ljava/lang/Object;)Ljava/lang/Object; java.base@25.0.3 (108 bytes) @ 0x0000700310fe5924 [0x0000700310fe5380+0x00000000000005a4]
j  org.eclipse.e4.core.internal.di.MethodRequestor.execute()Ljava/lang/Object;+77
j  org.eclipse.e4.core.internal.di.InjectorImpl.processAnnotated(Lorg/eclipse/e4/core/internal/di/AnnotationLookup$AnnotationProxy;Ljava/lang/Object;Ljava/lang/Class;Lorg/eclipse/e4/core/di/suppliers/PrimaryObjectSupplier;Lorg/eclipse/e4/core/di/suppliers/PrimaryObjectSupplier;Ljava/util/List;)V+190
j  org.eclipse.e4.core.internal.di.InjectorImpl.internalInject(Ljava/lang/Object;Lorg/eclipse/e4/core/di/suppliers/PrimaryObjectSupplier;Lorg/eclipse/e4/core/di/suppliers/PrimaryObjectSupplier;)V+175
j  org.eclipse.e4.core.internal.di.InjectorImpl.inject(Ljava/lang/Object;Lorg/eclipse/e4/core/di/suppliers/PrimaryObjectSupplier;)V+4
j  org.eclipse.e4.core.contexts.ContextInjectionFactory.inject(Ljava/lang/Object;Lorg/eclipse/e4/core/contexts/IEclipseContext;)V+13
j  org.eclipse.ui.internal.Workbench.createWorkbenchWindow(Lorg/eclipse/core/runtime/IAdaptable;Lorg/eclipse/ui/IPerspectiveDescriptor;Lorg/eclipse/e4/ui/model/application/ui/basic/MWindow;Z)Lorg/eclipse/ui/IWorkbenchWindow;+180
j  org.eclipse.ui.internal.Workbench.getActiveWorkbenchWindow()Lorg/eclipse/ui/IWorkbenchWindow;+179
j  org.jkiss.dbeaver.ui.app.standalone.ApplicationWorkbenchAdvisor.resetPerspectiveIfNeeded()V+3
j  org.jkiss.dbeaver.ui.app.standalone.ApplicationWorkbenchAdvisor.postStartup()V+17
j  org.eclipse.ui.internal.Workbench.lambda$19()V+4
j  org.eclipse.ui.internal.Workbench$$Lambda+0x000000003e641020.run()V+4
j  org.eclipse.e4.ui.internal.workbench.swt.PartRenderingEngine$5.run()V+432
j  org.eclipse.core.databinding.observable.Realm.runWithDefault(Lorg/eclipse/core/databinding/observable/Realm;Ljava/lang/Runnable;)V+12
j  org.eclipse.e4.ui.internal.workbench.swt.PartRenderingEngine.run(Lorg/eclipse/e4/ui/model/application/MApplicationElement;Lorg/eclipse/e4/core/contexts/IEclipseContext;)Ljava/lang/Object;+57
j  org.eclipse.e4.ui.internal.workbench.E4Workbench.createAndRunUI(Lorg/eclipse/e4/ui/model/application/MApplicationElement;)V+20
j  org.eclipse.ui.internal.Workbench.lambda$3(Lorg/eclipse/swt/widgets/Display;Lorg/eclipse/ui/application/WorkbenchAdvisor;[I)V+352
j  org.eclipse.ui.internal.Workbench$$Lambda+0x000000003e2d3ba8.run()V+12
j  org.eclipse.core.databinding.observable.Realm.runWithDefault(Lorg/eclipse/core/databinding/observable/Realm;Ljava/lang/Runnable;)V+12
j  org.eclipse.ui.internal.Workbench.createAndRunWorkbench(Lorg/eclipse/swt/widgets/Display;Lorg/eclipse/ui/application/WorkbenchAdvisor;)I+16
j  org.eclipse.ui.PlatformUI.createAndRunWorkbench(Lorg/eclipse/swt/widgets/Display;Lorg/eclipse/ui/application/WorkbenchAdvisor;)I+2
j  org.jkiss.dbeaver.ui.app.standalone.DBeaverApplication.start(Lorg/eclipse/equinox/app/IApplicationContext;)Ljava/lang/Object;+772
j  org.eclipse.equinox.internal.app.EclipseAppHandle.run(Ljava/lang/Object;)Ljava/lang/Object;+138
j  org.eclipse.core.runtime.internal.adaptor.EclipseAppLauncher.runApplication(Ljava/lang/Object;)Ljava/lang/Object;+85
j  org.eclipse.core.runtime.internal.adaptor.EclipseAppLauncher.start(Ljava/lang/Object;)Ljava/lang/Object;+79
j  org.eclipse.core.runtime.adaptor.EclipseStarter.run(Ljava/lang/Object;)Ljava/lang/Object;+99
j  org.eclipse.core.runtime.adaptor.EclipseStarter.run([Ljava/lang/String;Ljava/lang/Runnable;)Ljava/lang/Object;+132
J 449 c1 java.lang.invoke.DirectMethodHandle$Holder.invokeStatic(Ljava/lang/Object;Ljava/lang/Object;Ljava/lang/Object;)Ljava/lang/Object; java.base@25.0.3 (15 bytes) @ 0x0000700310f15f6c [0x0000700310f15c00+0x000000000000036c]
j  java.lang.invoke.LambdaForm$MH+0x000000003e146800.invoke(Ljava/lang/Object;Ljava/lang/Object;Ljava/lang/Object;Ljava/lang/Object;)Ljava/lang/Object;+54 java.base@25.0.3
j  java.lang.invoke.LambdaForm$MH+0x000000003e146c00.invokeExact_MT(Ljava/lang/Object;Ljava/lang/Object;Ljava/lang/Object;Ljava/lang/Object;Ljava/lang/Object;)Ljava/lang/Object;+22 java.base@25.0.3
j  jdk.internal.reflect.DirectMethodHandleAccessor.invokeImpl(Ljava/lang/Object;[Ljava/lang/Object;)Ljava/lang/Object;+72 java.base@25.0.3
j  jdk.internal.reflect.DirectMethodHandleAccessor.invoke(Ljava/lang/Object;[Ljava/lang/Object;)Ljava/lang/Object;+23 java.base@25.0.3
j  java.lang.reflect.Method.invoke(Ljava/lang/Object;[Ljava/lang/Object;)Ljava/lang/Object;+102 java.base@25.0.3
j  org.jkiss.dbeaver.launcher.DBeaverLauncher.invokeFramework([Ljava/lang/String;[Ljava/net/URL;)V+205
j  org.jkiss.dbeaver.launcher.DBeaverLauncher.basicRun([Ljava/lang/String;)V+481
j  org.jkiss.dbeaver.launcher.DBeaverLauncher.run([Ljava/lang/String;)I+57
j  org.jkiss.dbeaver.launcher.DBeaverLauncher.main([Ljava/lang/String;)V+10
v  ~StubRoutines::call_stub 0x00007003183cffa6

siginfo: si_signo: 11 (SIGSEGV), si_code: 1 (SEGV_MAPERR), si_addr: 0x000070038ec56fbb

Registers:
RAX=0x000070032439f780, RBX=0x0000700324421250, RCX=0xfffffffffffffff5, RDX=0x0000000000000000
RSP=0x000070032b901c60, RBP=0x000070032b901d10, RSI=0x000070032439f780, RDI=0x0000700324421250
R8 =0x0000700324000090, R9 =0x0000000000000040, R10=0x0000700318ae58c9, R11=0x0000700318ae5890
R12=0x0000000000000000, R13=0x000070038ec56fbb, R14=0x000070032b901d60, R15=0x000070032402e600
RIP=0x0000700301360b73, EFLAGS=0x0000000000010206, CSGSFS=0x002b000000000033, ERR=0x0000000000000004
  TRAPNO=0x000000000000000e

XMM[0]=0x0000000000000000 0x0000000000000000
XMM[1]=0x000070032439f780 0x0000000000000033
XMM[2]=0x00000000000404b2 0x000070030144bcad
XMM[3]=0x0000000000000004 0x00007003243a4020
XMM[4]=0x0000000000000000 0x00007003243a4260
XMM[5]=0x000070031078b7b0 0x000070031078a1d0
XMM[6]=0x00007003243a3ff0 0x0000000000000000
XMM[7]=0x0000000000000014 0x0000700324c09da0
XMM[8]=0x2f676e616c2f6176 0x616a120001120010
XMM[9]=0x262825ab262825ab 0x262825ab33196936
XMM[10]=0x0000000000000000 0x000000000cf1438b
XMM[11]=0xf73533c5f73533c5 0xf73533c52a4e9cfb
XMM[12]=0x0000000000000000 0x0000000033196936
XMM[13]=0x0000000000000000 0x0405060700010203
XMM[14]=0x0000000000000000 0xa8c24779fb3e2a5a
XMM[15]=0x0000000000000000 0x0000000000000000
  MXCSR=0x00001fa7


Register to memory mapping:

RAX=0x000070032439f780 points into unknown readable memory: 0x0000000000000007 | 07 00 00 00 00 00 00 00
RBX=0x0000700324421250 points into unknown readable memory: 0x000070038ec56fbb | bb 6f c5 8e 03 70 00 00
RCX=0xfffffffffffffff5 is an unknown value
RDX=0x0 is null
RSP=0x000070032b901c60 is pointing into the stack for thread: 0x000070032402e600
RBP=0x000070032b901d10 is pointing into the stack for thread: 0x000070032402e600
RSI=0x000070032439f780 points into unknown readable memory: 0x0000000000000007 | 07 00 00 00 00 00 00 00
RDI=0x0000700324421250 points into unknown readable memory: 0x000070038ec56fbb | bb 6f c5 8e 03 70 00 00
R8 =0x0000700324000090 points into unknown readable memory: 0x0000700325bfea60 | 60 ea bf 25 03 70 00 00
R9 =0x0000000000000040 is an unknown value
R10=0x0000700318ae58c9 is at entry_point+73 in (nmethod*)0x0000700318ae5788
Compiled method (n/a) 17865 6886     n 0       org.eclipse.swt.internal.gtk.GTK::gtk_widget_realize (native)
 total in heap  [0x0000700318ae5788,0x0000700318ae59d8] = 592
 main code      [0x0000700318ae5880,0x0000700318ae59d0] = 336
 oops           [0x0000700318ae59d0,0x0000700318ae59d8] = 8
 mutable data [0x00007003244cd110,0x00007003244cd130] = 32
 relocation     [0x00007003244cd110,0x00007003244cd130] = 32
0x0000700318ae58af:   48 8b d6 49 be 78 51 d8 c0 00 00 00 00 4c 89 74
0x0000700318ae58bf:   24 30 4c 8d 74 24 30 49 8b f6 c5 f8 77 
R11=0x0000700318ae5890 is at entry_point+16 in (nmethod*)0x0000700318ae5788
Compiled method (n/a) 17866 6886     n 0       org.eclipse.swt.internal.gtk.GTK::gtk_widget_realize (native)
 total in heap  [0x0000700318ae5788,0x0000700318ae59d8] = 592
 main code      [0x0000700318ae5880,0x0000700318ae59d0] = 336
 oops           [0x0000700318ae59d0,0x0000700318ae59d8] = 8
 mutable data [0x00007003244cd110,0x00007003244cd130] = 32
 relocation     [0x00007003244cd110,0x00007003244cd130] = 32
0x0000700318ae5890:   89 84 24 00 c0 fe ff 55 48 8b ec 48 83 ec 40 90
0x0000700318ae58a0:   41 81 7f 20 07 00 00 00 74 05 
R12=0x0 is null
R13=0x000070038ec56fbb is an unknown value
R14=0x000070032b901d60 is pointing into the stack for thread: 0x000070032402e600
R15=0x000070032402e600 is a thread

Top of Stack: (sp=0x000070032b901c60)
0x000070032b901c60:   00007002f182d9a8 0000000000000008   .....p..........
0x000070032b901c70:   0000000000000001 0000000000000001   ................
0x000070032b901c80:   0000000000000000 000070032b901cb0   ...........+.p..
0x000070032b901c90:   000070032b901d38 00007003183d7426   8..+.p..&t=..p..
0x000070032b901ca0:   00000000c4287cb8 00007003183d93d7   .|(.......=..p..
0x000070032b901cb0:   0000000000000001 0000000000000000   ................
0x000070032b901cc0:   0000000000000001 0000000000000001   ................
0x000070032b901cd0:   0000700324f426b0 afdc5fb01110be00   .&.$.p......._..
0x000070032b901ce0:   0000700324e7b8b0 00007002f182b878   ...$.p..x....p..
0x000070032b901cf0:   0000000000000000 000070032b901d80   ...........+.p..
0x000070032b901d00:   000070032b901d60 000070032402e600   `..+.p.....$.p..
0x000070032b901d10:   000070032b901d70 00007002c4bc2e30   p..+.p..0....p..
0x000070032b901d20:   fffffffffffffff7 0000700318ae58fb   .........X...p..
0x000070032b901d30:   0000000000000003 00007002f182d9a8   .............p..
0x000070032b901d40:   0000000000000000 00000000c0d85178   ........xQ......
0x000070032b901d50:   00007002f182c598 0000000000000000   .....p..........
0x000070032b901d60:   00000000c0d85178 000070032b901dd8   xQ.........+.p..
0x000070032b901d70:   000070032b901dd8 00007003183d7426   ...+.p..&t=..p..
0x000070032b901d80:   0000700324421250 0000000000000000   P.B$.p..........
0x000070032b901d90:   fffffffffffffff7 00007002f16957bc   .........Wi..p..
0x000070032b901da0:   0000000000000009 00007002f2296f98   .........o)..p..
0x000070032b901db0:   0000000000000000 00000000c0d8a7a8   ................
0x000070032b901dc0:   00007002f1695870 fffffffffffffff5   pXi..p..........
0x000070032b901dd0:   000070032b901e18 000070032b901e70   ...+.p..p..+.p..
0x000070032b901de0:   00007003183d7426 0000000000000000   &t=..p..........
0x000070032b901df0:   0000000000000000 0000000000000000   ................
0x000070032b901e00:   0000000000000000 0000000000000000   ................
0x000070032b901e10:   0000000000000000 0000000000000000   ................
0x000070032b901e20:   00000000c660d3e8 fffffffffffffff7   ..`.............
0x000070032b901e30:   00007002f1674802 0000000000000003   .Hg..p..........
0x000070032b901e40:   00007002f228b3f8 0000000000000000   ..(..p..........
0x000070032b901e50:   00000000c0d8ad30 00007002f1674838   0.......8Hg..p..

Instructions: (pc=0x0000700301360b73)
  0x0000700301360a73:   49 89 c4 48 85 db 74 5a 0f 1f 44 00 00 48 8b 03
  0x0000700301360a83:   48 85 c0 74 05 4c 39 20 74 0f 4c 89 e6 48 89 df
  0x0000700301360a93:   e8 c8 0e d3 ff 85 c0 74 39 48 8b 43 18 f6 40 02
  0x0000700301360aa3:   10 75 53 48 8b 80 d0 00 00 00 48 85 c0 74 5e 66
  0x0000700301360ab3:   0f 1f 44 00 00 48 89 c2 48 8b 40 18 48 8b 80 d0
  0x0000700301360ac3:   00 00 00 48 85 c0 75 ed 48 39 d3 74 40 48 89 d3
  0x0000700301360ad3:   eb ab 48 8d 15 27 67 0d 00 48 8d 35 dd f5 14 00
  0x0000700301360ae3:   48 8d 3d 2a 05 0d 00 e8 81 bb d2 ff 5b b8 01 00
  0x0000700301360af3:   00 00 41 5c 5d c3 48 8b b8 c0 00 00 00 5b 41 5c
  0x0000700301360b03:   5d e9 27 2a d3 ff 0f 1f 80 00 00 00 00 48 89 df
  0x0000700301360b13:   e8 88 fb ff ff 31 f6 48 89 c7 e8 de 00 d3 ff 5b
  0x0000700301360b23:   41 5c 48 89 c7 5d e9 12 16 d3 ff 66 90 f3 0f 1e
  0x0000700301360b33:   fa 55 48 89 e5 41 57 41 56 41 55 41 54 53 48 89
  0x0000700301360b43:   fb 48 81 ec 88 00 00 00 64 48 8b 04 25 28 00 00
  0x0000700301360b53:   00 48 89 45 c8 31 c0 e8 21 2d ff ff 48 85 db 0f
  0x0000700301360b63:   84 98 01 00 00 4c 8b 2b 48 89 c6 4d 85 ed 74 0a
=>0x0000700301360b73:   49 39 45 00 0f 84 c3 01 00 00 48 89 df e8 db 0d
  0x0000700301360b83:   d3 ff 85 c0 0f 84 73 01 00 00 4c 8b 63 18 41 f6
  0x0000700301360b93:   44 24 02 02 75 21 e8 b2 fb e7 ff 4d 85 ed 0f 85
  0x0000700301360ba3:   91 02 00 00 48 89 c6 48 89 df e8 ae 0d d3 ff 85
  0x0000700301360bb3:   c0 0f 84 36 03 00 00 41 0f b6 44 24 02 a8 10 0f
  0x0000700301360bc3:   85 48 02 00 00 49 8b bc 24 d0 00 00 00 48 85 ff
  0x0000700301360bd3:   0f 84 c7 02 00 00 48 8b 47 18 f6 40 02 10 0f 84
  0x0000700301360be3:   61 02 00 00 48 89 df e8 61 c1 06 00 8b 35 7f 86
  0x0000700301360bf3:   46 00 31 d2 31 c0 48 89 df e8 2f dd d2 ff 48 89
  0x0000700301360c03:   df e8 17 3e 00 00 ba 01 00 00 00 48 89 df 89 c6
  0x0000700301360c13:   e8 e8 80 00 00 41 f6 44 24 04 40 0f 85 4c 02 00
  0x0000700301360c23:   00 48 89 df e8 d4 28 00 00 41 f6 44 24 04 20 0f
  0x0000700301360c33:   85 20 02 00 00 8b 35 5e b1 46 00 48 89 df e8 ca
  0x0000700301360c43:   c6 d2 ff 48 89 c6 48 85 c0 0f 84 26 01 00 00 4c
  0x0000700301360c53:   8d 6d a0 4c 8d bd 78 ff ff ff 4c 89 ef 4c 8d b5
  0x0000700301360c63:   70 ff ff ff e8 c4 e5 d2 ff 48 8d 45 80 48 89 85


Stack slot to memory mapping:

stack at sp + 0 slots: 0x00007002f182d9a8 is pointing into metadata
stack at sp + 1 slots: 0x0000000000000008 is an unknown value
stack at sp + 2 slots: 0x0000000000000001 is an unknown value
stack at sp + 3 slots: 0x0000000000000001 is an unknown value
stack at sp + 4 slots: 0x0 is null
stack at sp + 5 slots: 0x000070032b901cb0 is pointing into the stack for thread: 0x000070032402e600
stack at sp + 6 slots: 0x000070032b901d38 is pointing into the stack for thread: 0x000070032402e600
stack at sp + 7 slots: 0x00007003183d7426 is at code_begin+1254 in an Interpreter codelet
return entry points  [0x00007003183d6f40, 0x00007003183d7b88]  3144 bytes

Lock stack of current Java thread (top to bottom):


Compiled method (c1) 17874 1097   !   3       jdk.internal.reflect.DirectMethodHandleAccessor::invoke (92 bytes)
 total in heap  [0x0000700310fe7988,0x0000700310fe97a8] = 7712
 main code      [0x0000700310fe7a80,0x0000700310fe9658] = 7128
 stub code      [0x0000700310fe9658,0x0000700310fe9790] = 312
 oops           [0x0000700310fe9790,0x0000700310fe97a8] = 24
 mutable data [0x00007002d471c070,0x00007002d471c370] = 768
 relocation     [0x00007002d471c070,0x00007002d471c310] = 672
 metadata       [0x00007002d471c310,0x00007002d471c370] = 96
 immutable data [0x00007002d471b160,0x00007002d471c060] = 3840
 dependencies   [0x00007002d471b160,0x00007002d471b180] = 32
 nul chk table  [0x00007002d471b180,0x00007002d471b218] = 152
 handler table  [0x00007002d471b218,0x00007002d471b8a8] = 1680
 scopes pcs     [0x00007002d471b8a8,0x00007002d471bd28] = 1152
 scopes data    [0x00007002d471bd28,0x00007002d471c060] = 824

[Constant Pool (empty)]

[MachCode]
[Instructions begin]
  0x0000700310fe7a80: 6666 660f | 1f84 0000 | 0000 0066 | 6666 9066 | 6690 448b | 5608 443b 

  0x0000700310fe7a98: ;   {runtime_call Shared Runtime ic_miss_blob}
  0x0000700310fe7a98: 5008 0f85 | 4059 4307 
[Verified Entry Point]
  0x0000700310fe7aa0: 8984 2400 | c0fe ff55 | 4881 ec20 | 0100 0090 | 4181 7f20 | 0700 0000 

  0x0000700310fe7ab8: ;   {runtime_call Stub::method_entry_barrier}
  0x0000700310fe7ab8: 7405 e861 | d441 0748 | 89b4 24a8 | 0000 0048 | 8994 24b8 

  0x0000700310fe7acc: ;   {metadata(method data for {method} {0x00007002f0466c60} 'invoke' '(Ljava/lang/Object;[Ljava/lang/Object;)Ljava/lang/Object;' in 'jdk/internal/reflect/DirectMethodHandleAccessor')}
  0x0000700310fe7acc: 0000 0048 | bfc0 fdd1 | f002 7000 | 008b 9f90 | 0000 0083 | c302 899f | 9000 0000 | 81e3 fe07 
  0x0000700310fe7aec: 0000 85db | 0f84 4b17 | 0000 488b 

  0x0000700310fe7af8: ;   {metadata(method data for {method} {0x00007002f0466c60} 'invoke' '(Ljava/lang/Object;[Ljava/lang/Object;)Ljava/lang/Object;' in 'jdk/internal/reflect/DirectMethodHandleAccessor')}
  0x0000700310fe7af8: fe48 bbc0 | fdd1 f002 | 7000 0048 | 8383 d800 

  0x0000700310fe7b08: ;   {metadata(method data for {method} {0x00007002f0467170} 'isStatic' '()Z' in 'jdk/internal/reflect/DirectMethodHandleAccessor')}
  0x0000700310fe7b08: 0000 0148 | bfb8 00d2 | f002 7000 | 008b 9f90 | 0000 0083 | c302 899f | 9000 0000 | 81e3 feff 
  0x0000700310fe7b28: 1f00 85db | 0f84 3017 | 0000 8b7e | 1081 e700 | 0200 0081 | ff00 0200 

  0x0000700310fe7b40: ;   {metadata(method data for {method} {0x00007002f0467170} 'isStatic' '()Z' in 'jdk/internal/reflect/DirectMethodHandleAccessor')}
  0x0000700310fe7b40: 0048 bfb8 | 00d2 f002 | 7000 00bb | d800 0000 | 7505 bbe8 | 0000 0048 | 8b04 1f48 | 8d40 0148 
  0x0000700310fe7b60: 8904 1f0f | 851a 0000 

  0x0000700310fe7b68: ;   {metadata(method data for {method} {0x00007002f0467170} 'isStatic' '()Z' in 'jdk/internal/reflect/DirectMethodHandleAccessor')}
  0x0000700310fe7b68: 0048 bfb8 | 00d2 f002 | 7000 00ff | 87f8 0000 | 00bf 0100 | 0000 e905 | 0000 00bf | 0000 0000 
  0x0000700310fe7b88: 83e7 0185 

  0x0000700310fe7b8c: ;   {metadata(method data for {method} {0x00007002f0466c60} 'invoke' '(Ljava/lang/Object;[Ljava/lang/Object;)Ljava/lang/Object;' in 'jdk/internal/reflect/DirectMethodHandleAccessor')}
  0x0000700310fe7b8c: ff48 bfc0 | fdd1 f002 | 7000 00bb | 0801 0000 | 7505 bb18 | 0100 0048 | 8b04 1f48 | 8d40 0148 
  0x0000700310fe7bac: 8904 1f48 | 898c 24b0 | 0000 000f | 8537 0000 | 0048 8bfe 

  0x0000700310fe7bc0: ;   {metadata(method data for {method} {0x00007002f0466c60} 'invoke' '(Ljava/lang/Object;[Ljava/lang/Object;)Ljava/lang/Object;' in 'jdk/internal/reflect/DirectMethodHandleAccessor')}
  0x0000700310fe7bc0: 48bb c0fd | d1f0 0270 | 0000 4883 | 8328 0100 | 0001 488b | fa48 8bd7 | 488b de48 

  0x0000700310fe7bdc: ;   {optimized virtual_call}
  0x0000700310fe7bdc: 8bf3 90e8 

  0x0000700310fe7be0: ; ImmutableOopMap {[168]=Oop [176]=Oop [184]=Oop }
                      ;*invokevirtual checkReceiver {reexecute=0 rethrow=0 return_oop=0}
                      ; - jdk.internal.reflect.DirectMethodHandleAccessor::invoke@9
  0x0000700310fe7be0: 3c49 0000 

  0x0000700310fe7be4: ;   {post_call_nop}
  0x0000700310fe7be4: 0f1f 8400 | 5c02 0000 | 488b b424 | a800 0000 

  0x0000700310fe7bf4: ;   {metadata(method data for {method} {0x00007002f0466c60} 'invoke' '(Ljava/lang/Object;[Ljava/lang/Object;)Ljava/lang/Object;' in 'jdk/internal/reflect/DirectMethodHandleAccessor')}
  0x0000700310fe7bf4: 8b56 0c48 | bfc0 fdd1 | f002 7000 | 0048 8387 | 5801 0000 | 0148 8bf2 | 488b 9424 | b000 0000 
  0x0000700310fe7c14: ;   {static_call}
  0x0000700310fe7c14: 6666 90e8 

  0x0000700310fe7c18: ; ImmutableOopMap {[168]=Oop [176]=Oop [184]=Oop }
                      ;*invokestatic checkArgumentCount {reexecute=0 rethrow=0 return_oop=0}
                      ; - jdk.internal.reflect.DirectMethodHandleAccessor::invoke@17
  0x0000700310fe7c18: e41f 0000 

  0x0000700310fe7c1c: ;   {post_call_nop}
  0x0000700310fe7c1c: 0f1f 8400 | 9402 0001 | 488b b424 | a800 0000 

  0x0000700310fe7c2c: ;   {metadata(method data for {method} {0x00007002f0466c60} 'invoke' '(Ljava/lang/Object;[Ljava/lang/Object;)Ljava/lang/Object;' in 'jdk/internal/reflect/DirectMethodHandleAccessor')}
  0x0000700310fe7c2c: 488b d648 | b9c0 fdd1 | f002 7000 | 0048 8381 | 6801 0000 

  0x0000700310fe7c40: ;   {metadata(method data for {method} {0x00007002f0466f38} 'invokeImpl' '(Ljava/lang/Object;[Ljava/lang/Object;)Ljava/lang/Object;' in 'jdk/internal/reflect/DirectMethodHandleAccessor')}
  0x0000700310fe7c40: 0148 ba78 | 04d2 f002 | 7000 008b | 8a90 0000 | 0083 c102 | 898a 9000 | 0000 81e1 | feff 1f00 
  0x0000700310fe7c60: 85c9 0f84 | 1b16 0000 

  0x0000700310fe7c68: ;   {metadata(method data for {method} {0x00007002f0466f38} 'invokeImpl' '(Ljava/lang/Object;[Ljava/lang/Object;)Ljava/lang/Object;' in 'jdk/internal/reflect/DirectMethodHandleAccessor')}
  0x0000700310fe7c68: 8b56 0c48 | b978 04d2 | f002 7000 | 0041 b8e0 | 0000 0085 | d249 8bf8 | 41b8 f000 | 0000 4c0f 
  0x0000700310fe7c88: 45c7 83fa | 0149 8bf8 | 41b8 0001 | 0000 4c0f | 45c7 83fa | 0249 8bf8 | 41b8 1001 | 0000 4c0f 
  0x0000700310fe7ca8: 45c7 83fa | 0349 8bf8 | 41b8 2001 | 0000 4c0f | 45c7 4a8b | 3c01 41ba | 0100 0000 | 4903 fa4a 
  0x0000700310fe7cc8: 893c 0185 | d20f 847f | 0c00 0083 | fa01 0f84 | 7f0a 0000 | 83fa 020f | 8405 0400 | 0083 fa03 
  0x0000700310fe7ce8: 0f84 db01 | 0000 488b | 8c24 b000 | 0000 488b | 9424 b800 | 0000 8b7e | 180f 1f80 | 0000 0000 
  0x0000700310fe7d08: ;   {other}
  0x0000700310fe7d08: e9a6 1500 | 0090 9090 | 9090 483b 

  0x0000700310fe7d14: ;   {metadata(method data for {method} {0x00007002f0466f38} 'invokeImpl' '(Ljava/lang/Object;[Ljava/lang/Object;)Ljava/lang/Object;' in 'jdk/internal/reflect/DirectMethodHandleAccessor')}
  0x0000700310fe7d14: 0748 bb78 | 04d2 f002 | 7000 0048 | 8d9b 3803 | 0000 4885 | d275 0ef6 | 4308 0175 | 42f0 4883 
  0x0000700310fe7d34: 4b08 01eb | 3a8b 4208 | 4c8b d048 | 3343 0848 | a9fc ffff | ff74 28a8 | 0275 2448 | f743 08fe 
  0x0000700310fe7d54: ffff ff74 | 1649 8bc2 | 4833 4308 | 48a9 fcff | ffff 740b | 4883 4b08 | 02eb 0448 | 8943 0848 
  0x0000700310fe7d74: 85c9 750e | f643 1801 | 7542 f048 | 834b 1801 | eb3a 8b41 | 084c 8bd0 | 4833 4318 | 48a9 fcff 
  0x0000700310fe7d94: ffff 7428 | a802 7524 | 48f7 4318 | feff ffff | 7416 498b | c248 3343 | 1848 a9fc | ffff ff74 
  0x0000700310fe7db4: 0b48 834b | 1802 eb04 | 4889 4318 

  0x0000700310fe7dc0: ;   {metadata(method data for {method} {0x00007002f0466f38} 'invokeImpl' '(Ljava/lang/Object;[Ljava/lang/Object;)Ljava/lang/Object;' in 'jdk/internal/reflect/DirectMethodHandleAccessor')}
  0x0000700310fe7dc0: 488b df48 | b878 04d2 | f002 7000 | 008b 5b08 | 483b 9810 | 0300 0075 | 0d48 8380 | 1803 0000 
  0x0000700310fe7de0: 01e9 6000 | 0000 483b | 9820 0300 | 0075 0d48 | 8380 2803 | 0000 01e9 | 4a00 0000 | 4883 b810 
  0x0000700310fe7e00: 0300 0000 | 7517 4889 | 9810 0300 | 0048 c780 | 1803 0000 | 0100 0000 | e929 0000 | 0048 83b8 
  0x0000700310fe7e20: 2003 0000 | 0075 1748 | 8998 2003 | 0000 48c7 | 8028 0300 | 0001 0000 | 00e9 0800 | 0000 4883 
  0x0000700310fe7e40: 8008 0300 | 0001 488b | f766 0f1f 

  0x0000700310fe7e4c: ;   {optimized virtual_call}
  0x0000700310fe7e4c: 4400 00e8 

  0x0000700310fe7e50: ; ImmutableOopMap {[168]=Oop }
                      ;*invokevirtual invokeExact {reexecute=0 rethrow=0 return_oop=0}
                      ; - jdk.internal.reflect.DirectMethodHandleAccessor::invokeImpl@104
                      ; - jdk.internal.reflect.DirectMethodHandleAccessor::invoke@23
  0x0000700310fe7e50: 8c58 4307 

  0x0000700310fe7e54: ;   {post_call_nop}
  0x0000700310fe7e54: 0f1f 8400 | cc04 0002 

  0x0000700310fe7e5c: ;   {metadata(method data for {method} {0x00007002f0466f38} 'invokeImpl' '(Ljava/lang/Object;[Ljava/lang/Object;)Ljava/lang/Object;' in 'jdk/internal/reflect/DirectMethodHandleAccessor')}
  0x0000700310fe7e5c: 48ba 7804 | d2f0 0270 | 0000 488d | 9258 0300 | 0048 85c0 | 750c f602 | 0175 3ff0 | 4883 0a01 
  0x0000700310fe7e7c: eb38 8b48 | 084c 8bd1 | 4833 0a48 | f7c1 fcff | ffff 7426 | f6c1 0275 | 2148 f702 | feff ffff 
  0x0000700310fe7e9c: 7415 498b | ca48 330a | 48f7 c1fc | ffff ff74 | 0948 830a | 02eb 0348 | 890a 4881 | c420 0100 
  0x0000700310fe7ebc: ;   {poll_return}
  0x0000700310fe7ebc: 005d 493b | 6728 0f87 | fa13 0000 | c348 8b8c | 24b0 0000 | 0048 8b94 | 24b8 0000 | 008b 5e18 
  0x0000700310fe7edc: ; implicit exception: dispatches to 0x0000700310fe92d8
  0x0000700310fe7edc: 8379 0c00 | 0f86 fc13 | 0000 448b | 4110 8379 | 0c01 0f86 | 0014 0000 | 448b 4914 | 8379 0c02 
  0x0000700310fe7efc: 0f86 0414 | 0000 8b79 | 1866 6690 

  0x0000700310fe7f08: ;   {oop(a 'java/lang/invoke/MethodType'{0x00000000c0148328} = (Ljava/lang/Object;Ljava/lang/Object;Ljava/lang/Object;Ljava/lang/Object;)Ljava/lang/Object;)}
  0x0000700310fe7f08: 48b8 2883 | 14c0 0000 | 0000 483b 

  0x0000700310fe7f14: ;   {metadata(method data for {method} {0x00007002f0466f38} 'invokeImpl' '(Ljava/lang/Object;[Ljava/lang/Object;)Ljava/lang/Object;' in 'jdk/internal/reflect/DirectMethodHandleAccessor')}
  0x0000700310fe7f14: 0348 b978 | 04d2 f002 | 7000 0048 | 8d89 c002 | 0000 4885 | d275 0ef6 | 4108 0175 | 47f0 4883 
  0x0000700310fe7f34: 4908 01eb | 3f44 8b5a | 084d 8bd3 | 4c33 5908 | 49f7 c3fc | ffff ff74 | 2b41 f6c3 | 0275 2548 
  0x0000700310fe7f54: f741 08fe | ffff ff74 | 174d 8bda | 4c33 5908 | 49f7 c3fc | ffff ff74 | 0b48 8349 | 0802 eb04 
  0x0000700310fe7f74: 4c89 5908 | 4d85 c075 | 0ef6 4118 | 0175 47f0 | 4883 4918 | 01eb 3f45 | 8b58 084d | 8bd3 4c33 
  0x0000700310fe7f94: 5918 49f7 | c3fc ffff | ff74 2b41 | f6c3 0275 | 2548 f741 | 18fe ffff | ff74 174d | 8bda 4c33 
  0x0000700310fe7fb4: 5918 49f7 | c3fc ffff | ff74 0b48 | 8349 1802 | eb04 4c89 | 5918 488b 

  0x0000700310fe7fcc: ;   {metadata(method data for {method} {0x00007002f0466f38} 'invokeImpl' '(Ljava/lang/Object;[Ljava/lang/Object;)Ljava/lang/Object;' in 'jdk/internal/reflect/DirectMethodHandleAccessor')}
  0x0000700310fe7fcc: cb49 bb78 | 04d2 f002 | 7000 008b | 4908 493b | 8b98 0200 | 0075 0d49 | 8383 a002 | 0000 01e9 
  0x0000700310fe7fec: 6000 0000 | 493b 8ba8 | 0200 0075 | 0d49 8383 | b002 0000 | 01e9 4a00 | 0000 4983 | bb98 0200 
  0x0000700310fe800c: 0000 7517 | 4989 8b98 | 0200 0049 | c783 a002 | 0000 0100 | 0000 e929 | 0000 0049 | 83bb a802 
  0x0000700310fe802c: 0000 0075 | 1749 898b | a802 0000 | 49c7 83b0 | 0200 0001 | 0000 00e9 | 0800 0000 | 4983 8390 
  0x0000700310fe804c: 0200 0001 | 498b c84d | 8bc1 4c8b | cf48 8bf8 

  0x0000700310fe805c: ;   {optimized virtual_call}
  0x0000700310fe805c: 488b f3e8 

  0x0000700310fe8060: ; ImmutableOopMap {[168]=Oop }
                      ;*invokevirtual invokeExact {reexecute=0 rethrow=0 return_oop=0}
                      ; - jdk.internal.reflect.DirectMethodHandleAccessor::invokeImpl@92
                      ; - jdk.internal.reflect.DirectMethodHandleAccessor::invoke@23
  0x0000700310fe8060: 0916 0000 

  0x0000700310fe8064: ;   {post_call_nop}
  0x0000700310fe8064: 0f1f 8400 | dc06 0003 

  0x0000700310fe806c: ;   {metadata(method data for {method} {0x00007002f0466f38} 'invokeImpl' '(Ljava/lang/Object;[Ljava/lang/Object;)Ljava/lang/Object;' in 'jdk/internal/reflect/DirectMethodHandleAccessor')}
  0x0000700310fe806c: 48be 7804 | d2f0 0270 | 0000 488d | b6e0 0200 | 0048 85c0 | 750c f606 | 0175 40f0 | 4883 0e01 
  0x0000700310fe808c: eb39 8b78 | 084c 8bd7 | 4833 3e48 | f7c7 fcff | ffff 7427 | 40f6 c702 | 7521 48f7 | 06fe ffff 
  0x0000700310fe80ac: ff74 1549 | 8bfa 4833 | 3e48 f7c7 | fcff ffff | 7409 4883 | 0e02 eb03 

  0x0000700310fe80c4: ;   {metadata(method data for {method} {0x00007002f0466f38} 'invokeImpl' '(Ljava/lang/Object;[Ljava/lang/Object;)Ljava/lang/Object;' in 'jdk/internal/reflect/DirectMethodHandleAccessor')}
  0x0000700310fe80c4: 4889 3e48 | be78 04d2 | f002 7000 | 00ff 86f0 | 0200 0048 | 81c4 2001 

  0x0000700310fe80dc: ;   {poll_return}
  0x0000700310fe80dc: 0000 5d49 | 3b67 280f | 874d 1200 | 00c3 488b | 8c24 b000 | 0000 488b | 9424 b800 | 0000 8b7e 
  0x0000700310fe80fc: 1848 89bc | 24c8 0000 | 0083 790c | 000f 8647 | 1200 008b | 5910 4889 | 9c24 c000 | 0000 8379 
  0x0000700310fe811c: 0c01 0f86 | 4412 0000 | 8b41 1448 | 8984 24d0 

  0x0000700310fe812c: ;   {metadata(method data for {method} {0x00007002f0466f38} 'invokeImpl' '(Ljava/lang/Object;[Ljava/lang/Object;)Ljava/lang/Object;' in 'jdk/internal/reflect/DirectMethodHandleAccessor')}
  0x0000700310fe812c: 0000 0048 | b978 04d2 | f002 7000 | 0048 8d89 | 4802 0000 | 4885 d275 | 0ef6 4108 | 0175 47f0 
  0x0000700310fe814c: 4883 4908 | 01eb 3f44 | 8b42 084d | 8bd0 4c33 | 4108 49f7 | c0fc ffff | ff74 2b41 | f6c0 0275 
  0x0000700310fe816c: 2548 f741 | 08fe ffff | ff74 174d | 8bc2 4c33 | 4108 49f7 | c0fc ffff | ff74 0b48 | 8349 0802 
  0x0000700310fe818c: eb04 4c89 

  0x0000700310fe8190: ;   {metadata(method data for {method} {0x00007002f0b19ab0} 'invokeExact_MT' '(Ljava/lang/Object;Ljava/lang/Object;Ljava/lang/Object;Ljava/lang/Object;Ljava/lang/Object;)Ljava/lang/Object;' in 'java/lang/invoke/LambdaForm$MH+0x000000003e146c00')}
  0x0000700310fe8190: 4108 48b9 | 209d b1f0 | 0270 0000 | 488d 8970 | 0200 0048 | 85ff 750c | f601 0175 | 41f0 4883 
  0x0000700310fe81b0: 0901 eb3a | 448b 4708 | 4d8b d04c | 3301 49f7 | c0fc ffff | ff74 2741 | f6c0 0275 | 2148 f701 
  0x0000700310fe81d0: feff ffff | 7415 4d8b | c24c 3301 | 49f7 c0fc | ffff ff74 | 0948 8309 | 02eb 034c | 8901 4885 
  0x0000700310fe81f0: d275 0ef6 | 4110 0175 | 47f0 4883 | 4910 01eb | 3f44 8b42 | 084d 8bd0 | 4c33 4110 | 49f7 c0fc 
  0x0000700310fe8210: ffff ff74 | 2b41 f6c0 | 0275 2548 | f741 10fe | ffff ff74 | 174d 8bc2 | 4c33 4110 | 49f7 c0fc 
  0x0000700310fe8230: ffff ff74 | 0b48 8349 | 1002 eb04 | 4c89 4110 

  0x0000700310fe8240: ;   {metadata(method data for {method} {0x00007002f0466f38} 'invokeImpl' '(Ljava/lang/Object;[Ljava/lang/Object;)Ljava/lang/Object;' in 'jdk/internal/reflect/DirectMethodHandleAccessor')}
  0x0000700310fe8240: 48b9 7804 | d2f0 0270 | 0000 4883 | 8118 0200 

  0x0000700310fe8250: ;   {metadata(method data for {method} {0x00007002f0b19ab0} 'invokeExact_MT' '(Ljava/lang/Object;Ljava/lang/Object;Ljava/lang/Object;Ljava/lang/Object;Ljava/lang/Object;)Ljava/lang/Object;' in 'java/lang/invoke/LambdaForm$MH+0x000000003e146c00')}
  0x0000700310fe8250: 0001 48b9 | 209d b1f0 | 0270 0000 | 448b 8190 | 0000 0041 | 83c0 0244 | 8981 9000 | 0000 4181 
  0x0000700310fe8270: e0fe ff1f | 0045 85c0 | 0f84 fc10 

  0x0000700310fe827c: ;   {metadata(method data for {method} {0x00007002f0b19ab0} 'invokeExact_MT' '(Ljava/lang/Object;Ljava/lang/Object;Ljava/lang/Object;Ljava/lang/Object;Ljava/lang/Object;)Ljava/lang/Object;' in 'java/lang/invoke/LambdaForm$MH+0x000000003e146c00')}
  0x0000700310fe827c: 0000 48b9 | 209d b1f0 | 0270 0000 | 488d 8948 | 0100 0048 | 85ff 750e | f641 0801 | 7547 f048 
  0x0000700310fe829c: 8349 0801 | eb3f 448b | 4708 4d8b | d04c 3341 | 0849 f7c0 | fcff ffff | 742b 41f6 | c002 7525 
  0x0000700310fe82bc: 48f7 4108 | feff ffff | 7417 4d8b | c24c 3341 | 0849 f7c0 | fcff ffff | 740b 4883 | 4908 02eb 
  0x0000700310fe82dc: 044c 8941 

  0x0000700310fe82e0: ;   {metadata(method data for {method} {0x00007002f0b19ab0} 'invokeExact_MT' '(Ljava/lang/Object;Ljava/lang/Object;Ljava/lang/Object;Ljava/lang/Object;Ljava/lang/Object;)Ljava/lang/Object;' in 'java/lang/invoke/LambdaForm$MH+0x000000003e146c00')}
  0x0000700310fe82e0: 0848 b920 | 9db1 f002 | 7000 0048 | 8381 3801 

  0x0000700310fe82f0: ;   {metadata(method data for {method} {0x00007002f036a9d8} 'checkExactType' '(Ljava/lang/invoke/MethodHandle;Ljava/lang/invoke/MethodType;)V' in 'java/lang/invoke/Invokers')}
  0x0000700310fe82f0: 0000 0148 | b918 22d1 | f002 7000 | 0044 8b81 | 9000 0000 | 4183 c002 | 4489 8190 | 0000 0041 
  0x0000700310fe8310: 81e0 feff | 1f00 4585 | c00f 847c | 1000 0048 | 3b07 488b 

  0x0000700310fe8324: ;   {metadata(method data for {method} {0x00007002f036a9d8} 'checkExactType' '(Ljava/lang/invoke/MethodHandle;Ljava/lang/invoke/MethodType;)V' in 'java/lang/invoke/Invokers')}
  0x0000700310fe8324: cf49 b818 | 22d1 f002 | 7000 008b | 4908 493b | 88e0 0000 | 0075 0d49 | 8380 e800 | 0000 01e9 
  0x0000700310fe8344: 6000 0000 | 493b 88f0 | 0000 0075 | 0d49 8380 | f800 0000 | 01e9 4a00 | 0000 4983 | b8e0 0000 
  0x0000700310fe8364: 0000 7517 | 4989 88e0 | 0000 0049 | c780 e800 | 0000 0100 | 0000 e929 | 0000 0049 | 83b8 f000 
  0x0000700310fe8384: 0000 0075 | 1749 8988 | f000 0000 | 49c7 80f8 | 0000 0001 | 0000 00e9 | 0800 0000 | 4983 80d8 
  0x0000700310fe83a4: 0000 0001 

  0x0000700310fe83a8: ;   {oop(a 'java/lang/invoke/MethodType'{0x00000000c0148118} = (Ljava/lang/Object;Ljava/lang/Object;Ljava/lang/Object;)Ljava/lang/Object;)}
  0x0000700310fe83a8: 8b4f 1049 | b818 8114 | c000 0000 | 0049 3bc8 

  0x0000700310fe83b8: ;   {metadata(method data for {method} {0x00007002f036a9d8} 'checkExactType' '(Ljava/lang/invoke/MethodHandle;Ljava/lang/invoke/MethodType;)V' in 'java/lang/invoke/Invokers')}
  0x0000700310fe83b8: 49b8 1822 | d1f0 0270 | 0000 41b9 | 1801 0000 | 7506 41b9 | 0801 0000 | 4f8b 1c08 | 4d8d 5b01 
  0x0000700310fe83d8: 4f89 1c08 | 0f85 7d09 

  0x0000700310fe83e0: ;   {metadata(method data for {method} {0x00007002f0b19ab0} 'invokeExact_MT' '(Ljava/lang/Object;Ljava/lang/Object;Ljava/lang/Object;Ljava/lang/Object;Ljava/lang/Object;)Ljava/lang/Object;' in 'java/lang/invoke/LambdaForm$MH+0x000000003e146c00')}
  0x0000700310fe83e0: 0000 48b9 | 209d b1f0 | 0270 0000 | 488d 8980 | 0100 0044 | 8b47 084d | 8bd0 4c33 | 4108 49f7 
  0x0000700310fe8400: c0fc ffff | ff74 2b41 | f6c0 0275 | 2548 f741 | 08fe ffff | ff74 174d | 8bc2 4c33 | 4108 49f7 
  0x0000700310fe8420: c0fc ffff | ff74 0b48 | 8349 0802 | eb04 4c89 

  0x0000700310fe8430: ;   {metadata(method data for {method} {0x00007002f0b19ab0} 'invokeExact_MT' '(Ljava/lang/Object;Ljava/lang/Object;Ljava/lang/Object;Ljava/lang/Object;Ljava/lang/Object;)Ljava/lang/Object;' in 'java/lang/invoke/LambdaForm$MH+0x000000003e146c00')}
  0x0000700310fe8430: 4108 48b9 | 209d b1f0 | 0270 0000 | 4883 8170 | 0100 0001 

  0x0000700310fe8444: ;   {metadata(method data for {method} {0x00007002f036b020} 'checkCustomized' '(Ljava/lang/invoke/MethodHandle;)V' in 'java/lang/invoke/Invokers')}
  0x0000700310fe8444: 48b9 b01f | d1f0 0270 | 0000 448b | 8190 0000 | 0041 83c0 | 0244 8981 | 9000 0000 | 4181 e0fe 
  0x0000700310fe8464: ff1f 0045 | 85c0 0f84 | 510f 0000 

  0x0000700310fe8470: ;   {metadata(method data for {method} {0x00007002f036b020} 'checkCustomized' '(Ljava/lang/invoke/MethodHandle;)V' in 'java/lang/invoke/Invokers')}
  0x0000700310fe8470: 48b9 b01f | d1f0 0270 | 0000 4883 | 81d8 0000 

  0x0000700310fe8480: ;   {metadata(method data for {method} {0x00007002f008fb80} 'isCompileConstant' '(Ljava/lang/Object;)Z' in 'java/lang/invoke/MethodHandleImpl')}
  0x0000700310fe8480: 0001 48b9 | 2821 d1f0 | 0270 0000 | 448b 8190 | 0000 0041 | 83c0 0244 | 8981 9000 | 0000 4181 
  0x0000700310fe84a0: e0fe ff1f | 0045 85c0 | 0f84 340f 

  0x0000700310fe84ac: ;   {metadata(method data for {method} {0x00007002f036b020} 'checkCustomized' '(Ljava/lang/invoke/MethodHandle;)V' in 'java/lang/invoke/Invokers')}
  0x0000700310fe84ac: 0000 48b9 | b01f d1f0 | 0270 0000 | ff81 e800 | 0000 8b4f | 148b 491c 

  0x0000700310fe84c4: ;   {metadata(method data for {method} {0x00007002f036b020} 'checkCustomized' '(Ljava/lang/invoke/MethodHandle;)V' in 'java/lang/invoke/Invokers')}
  0x0000700310fe84c4: 4885 c948 | b9b0 1fd1 | f002 7000 | 0041 b808 | 0100 0075 | 0641 b818 | 0100 004e | 8b0c 014d 
  0x0000700310fe84e4: 8d49 014e | 890c 010f | 8523 0000 

  0x0000700310fe84f0: ;   {metadata(method data for {method} {0x00007002f036b020} 'checkCustomized' '(Ljava/lang/invoke/MethodHandle;)V' in 'java/lang/invoke/Invokers')}
  0x0000700310fe84f0: 0048 b9b0 | 1fd1 f002 | 7000 0048 | 8381 2801 | 0000 0148 

  0x0000700310fe8504: ;   {static_call}
  0x0000700310fe8504: 8bf7 90e8 

  0x0000700310fe8508: ; ImmutableOopMap {[168]=Oop [184]=Oop [192]=Oop [200]=Oop [208]=Oop }
                      ;*invokestatic maybeCustomize {reexecute=0 rethrow=0 return_oop=0}
                      ; - java.lang.invoke.Invokers::checkCustomized@19
                      ; - java.lang.invoke.LambdaForm$MH/0x000000003e146c00::invokeExact_MT@15
                      ; - jdk.internal.reflect.DirectMethodHandleAccessor::invokeImpl@72
                      ; - jdk.internal.reflect.DirectMethodHandleAccessor::invoke@23
  0x0000700310fe8508: f4ab ffff 

  0x0000700310fe850c: ;   {post_call_nop}
  0x0000700310fe850c: 0f1f 8400 | 840b 0004 | 488b 9c24 | c000 0000 | 488b 9424 | b800 0000 

  0x0000700310fe8524: ;   {metadata(method data for {method} {0x00007002f0b19ab0} 'invokeExact_MT' '(Ljava/lang/Object;Ljava/lang/Object;Ljava/lang/Object;Ljava/lang/Object;Ljava/lang/Object;)Ljava/lang/Object;' in 'java/lang/invoke/LambdaForm$MH+0x000000003e146c00')}
  0x0000700310fe8524: 48b9 209d | b1f0 0270 | 0000 488d | 89c8 0100 | 0048 85d2 | 750e f641 | 0801 7547 | f048 8349 
  0x0000700310fe8544: 0801 eb3f | 448b 4208 | 4d8b d04c | 3341 0849 | f7c0 fcff | ffff 742b | 41f6 c002 | 7525 48f7 
  0x0000700310fe8564: 4108 feff | ffff 7417 | 4d8b c24c | 3341 0849 | f7c0 fcff | ffff 740b | 4883 4908 | 02eb 044c 
  0x0000700310fe8584: 8941 0848 | 85db 750e | f641 1801 | 7547 f048 | 8349 1801 | eb3f 448b | 4308 4d8b | d04c 3341 
  0x0000700310fe85a4: 1849 f7c0 | fcff ffff | 742b 41f6 | c002 7525 | 48f7 4118 | feff ffff | 7417 4d8b | c24c 3341 
  0x0000700310fe85c4: 1849 f7c0 | fcff ffff | 740b 4883 | 4918 02eb | 044c 8941 | 1848 8bbc | 24c8 0000 

  0x0000700310fe85e0: ;   {metadata(method data for {method} {0x00007002f0b19ab0} 'invokeExact_MT' '(Ljava/lang/Object;Ljava/lang/Object;Ljava/lang/Object;Ljava/lang/Object;Ljava/lang/Object;)Ljava/lang/Object;' in 'java/lang/invoke/LambdaForm$MH+0x000000003e146c00')}
  0x0000700310fe85e0: 0048 b920 | 9db1 f002 | 7000 008b | 7f08 483b | b9a0 0100 | 0075 0d48 | 8381 a801 | 0000 01e9 
  0x0000700310fe8600: 6000 0000 | 483b b9b0 | 0100 0075 | 0d48 8381 | b801 0000 | 01e9 4a00 | 0000 4883 | b9a0 0100 
  0x0000700310fe8620: 0000 7517 | 4889 b9a0 | 0100 0048 | c781 a801 | 0000 0100 | 0000 e929 | 0000 0048 | 83b9 b001 
  0x0000700310fe8640: 0000 0075 | 1748 89b9 | b001 0000 | 48c7 81b8 | 0100 0001 | 0000 00e9 | 0800 0000 | 4883 8198 
  0x0000700310fe8660: 0100 0001 | 488b cb4c | 8b84 24d0 | 0000 0048 | 8bb4 24c8 

  0x0000700310fe8674: ;   {optimized virtual_call}
  0x0000700310fe8674: 0000 00e8 

  0x0000700310fe8678: ; ImmutableOopMap {[168]=Oop }
                      ;*invokevirtual invokeBasic {reexecute=0 rethrow=0 return_oop=0}
                      ; - java.lang.invoke.LambdaForm$MH/0x000000003e146c00::invokeExact_MT@22
                      ; - jdk.internal.reflect.DirectMethodHandleAccessor::invokeImpl@72
                      ; - jdk.internal.reflect.DirectMethodHandleAccessor::invoke@23
  0x0000700310fe8678: 04d4 9807 

  0x0000700310fe867c: ;   {post_call_nop}
  0x0000700310fe867c: 0f1f 8400 | f40c 0005 

  0x0000700310fe8684: ;   {metadata(method data for {method} {0x00007002f0b19ab0} 'invokeExact_MT' '(Ljava/lang/Object;Ljava/lang/Object;Ljava/lang/Object;Ljava/lang/Object;Ljava/lang/Object;)Ljava/lang/Object;' in 'java/lang/invoke/LambdaForm$MH+0x000000003e146c00')}
  0x0000700310fe8684: 48ba 209d | b1f0 0270 | 0000 488d | 92e8 0100 | 0048 85c0 | 750c f602 | 0175 3ff0 | 4883 0a01 
  0x0000700310fe86a4: eb38 8b48 | 084c 8bd1 | 4833 0a48 | f7c1 fcff | ffff 7426 | f6c1 0275 | 2148 f702 | feff ffff 
  0x0000700310fe86c4: 7415 498b | ca48 330a | 48f7 c1fc | ffff ff74 | 0948 830a | 02eb 0348 

  0x0000700310fe86dc: ;   {metadata(method data for {method} {0x00007002f0466f38} 'invokeImpl' '(Ljava/lang/Object;[Ljava/lang/Object;)Ljava/lang/Object;' in 'jdk/internal/reflect/DirectMethodHandleAccessor')}
  0x0000700310fe86dc: 890a 48ba | 7804 d2f0 | 0270 0000 | 488d 9268 | 0200 0048 | 85c0 750c | f602 0175 | 3ff0 4883 
  0x0000700310fe86fc: 0a01 eb38 | 8b48 084c | 8bd1 4833 | 0a48 f7c1 | fcff ffff | 7426 f6c1 | 0275 2148 | f702 feff 
  0x0000700310fe871c: ffff 7415 | 498b ca48 | 330a 48f7 | c1fc ffff | ff74 0948 | 830a 02eb | 0348 890a 

  0x0000700310fe8738: ;   {metadata(method data for {method} {0x00007002f0466f38} 'invokeImpl' '(Ljava/lang/Object;[Ljava/lang/Object;)Ljava/lang/Object;' in 'jdk/internal/reflect/DirectMethodHandleAccessor')}
  0x0000700310fe8738: 48ba 7804 | d2f0 0270 | 0000 ff82 | 7802 0000 | 4881 c420 | 0100 005d 

  0x0000700310fe8750: ;   {poll_return}
  0x0000700310fe8750: 493b 6728 | 0f87 ae0c | 0000 c348 | 8b8c 24b0 | 0000 0048 | 8b94 24b8 | 0000 008b | 7e18 8379 
  0x0000700310fe8770: 0c00 0f86 | b00c 0000 | 8b49 100f | 1f44 0000 

  0x0000700310fe8780: ;   {oop(a 'java/lang/invoke/MethodType'{0x00000000c01027b0} = (Ljava/lang/Object;Ljava/lang/Object;)Ljava/lang/Object;)}
  0x0000700310fe8780: 49b8 b027 | 10c0 0000 | 0000 483b 

  0x0000700310fe878c: ;   {metadata(method data for {method} {0x00007002f0466f38} 'invokeImpl' '(Ljava/lang/Object;[Ljava/lang/Object;)Ljava/lang/Object;' in 'jdk/internal/reflect/DirectMethodHandleAccessor')}
  0x0000700310fe878c: 0748 bb78 | 04d2 f002 | 7000 0048 | 8d9b d001 | 0000 4885 | d275 0ef6 | 4308 0175 | 42f0 4883 
  0x0000700310fe87ac: 4b08 01eb | 3a8b 4208 | 4c8b d048 | 3343 0848 | a9fc ffff | ff74 28a8 | 0275 2448 | f743 08fe 
  0x0000700310fe87cc: ffff ff74 | 1649 8bc2 | 4833 4308 | 48a9 fcff | ffff 740b | 4883 4b08 | 02eb 0448 | 8943 0848 
  0x0000700310fe87ec: 85c9 750e | f643 1801 | 7542 f048 | 834b 1801 | eb3a 8b41 | 084c 8bd0 | 4833 4318 | 48a9 fcff 
  0x0000700310fe880c: ffff 7428 | a802 7524 | 48f7 4318 | feff ffff | 7416 498b | c248 3343 | 1848 a9fc | ffff ff74 
  0x0000700310fe882c: 0b48 834b | 1802 eb04 | 4889 4318 

  0x0000700310fe8838: ;   {metadata(method data for {method} {0x00007002f0466f38} 'invokeImpl' '(Ljava/lang/Object;[Ljava/lang/Object;)Ljava/lang/Object;' in 'jdk/internal/reflect/DirectMethodHandleAccessor')}
  0x0000700310fe8838: 488b df48 | b878 04d2 | f002 7000 | 008b 5b08 | 483b 98a8 | 0100 0075 | 0d48 8380 | b001 0000 
  0x0000700310fe8858: 01e9 6000 | 0000 483b | 98b8 0100 | 0075 0d48 | 8380 c001 | 0000 01e9 | 4a00 0000 | 4883 b8a8 
  0x0000700310fe8878: 0100 0000 | 7517 4889 | 98a8 0100 | 0048 c780 | b001 0000 | 0100 0000 | e929 0000 | 0048 83b8 
  0x0000700310fe8898: b801 0000 | 0075 1748 | 8998 b801 | 0000 48c7 | 80c0 0100 | 0001 0000 | 00e9 0800 | 0000 4883 
  0x0000700310fe88b8: 80a0 0100 | 0001 488b | f766 0f1f 

  0x0000700310fe88c4: ;   {optimized virtual_call}
  0x0000700310fe88c4: 4400 00e8 

  0x0000700310fe88c8: ; ImmutableOopMap {[168]=Oop }
                      ;*invokevirtual invokeExact {reexecute=0 rethrow=0 return_oop=0}
                      ; - jdk.internal.reflect.DirectMethodHandleAccessor::invokeImpl@55
                      ; - jdk.internal.reflect.DirectMethodHandleAccessor::invoke@23
  0x0000700310fe88c8: b10d 0000 

  0x0000700310fe88cc: ;   {post_call_nop}
  0x0000700310fe88cc: 0f1f 8400 | 440f 0006 

  0x0000700310fe88d4: ;   {metadata(method data for {method} {0x00007002f0466f38} 'invokeImpl' '(Ljava/lang/Object;[Ljava/lang/Object;)Ljava/lang/Object;' in 'jdk/internal/reflect/DirectMethodHandleAccessor')}
  0x0000700310fe88d4: 48be 7804 | d2f0 0270 | 0000 488d | b6f0 0100 | 0048 85c0 | 750c f606 | 0175 40f0 | 4883 0e01 
  0x0000700310fe88f4: eb39 8b78 | 084c 8bd7 | 4833 3e48 | f7c7 fcff | ffff 7427 | 40f6 c702 | 7521 48f7 | 06fe ffff 
  0x0000700310fe8914: ff74 1549 | 8bfa 4833 | 3e48 f7c7 | fcff ffff | 7409 4883 | 0e02 eb03 

  0x0000700310fe892c: ;   {metadata(method data for {method} {0x00007002f0466f38} 'invokeImpl' '(Ljava/lang/Object;[Ljava/lang/Object;)Ljava/lang/Object;' in 'jdk/internal/reflect/DirectMethodHandleAccessor')}
  0x0000700310fe892c: 4889 3e48 | be78 04d2 | f002 7000 | 00ff 8600 | 0200 0048 | 81c4 2001 

  0x0000700310fe8944: ;   {poll_return}
  0x0000700310fe8944: 0000 5d49 | 3b67 280f | 8707 0b00 | 00c3 488b | 9424 b800 | 0000 8b7e | 1848 89bc | 24d8 0000 
  0x0000700310fe8964: ;   {metadata(method data for {method} {0x00007002f0466f38} 'invokeImpl' '(Ljava/lang/Object;[Ljava/lang/Object;)Ljava/lang/Object;' in 'jdk/internal/reflect/DirectMethodHandleAccessor')}
  0x0000700310fe8964: 0048 bb78 | 04d2 f002 | 7000 0048 | 8d9b 6801 | 0000 4885 | d275 0cf6 | 4308 0175 | 06f0 4883 
  0x0000700310fe8984: ;   {metadata(method data for {method} {0x00007002f03c2260} 'invokeExact_MT' '(Ljava/lang/Object;Ljava/lang/Object;Ljava/lang/Object;)Ljava/lang/Object;' in 'java/lang/invoke/Invokers$Holder')}
  0x0000700310fe8984: 4b08 0148 | bb30 08d2 | f002 7000 | 0048 8d9b | 5002 0000 | 4885 ff75 | 0af6 0301 | 7505 f048 
  0x0000700310fe89a4: 830b 0148 | 85d2 750c | f643 1001 | 7506 f048 | 834b 1001 

  0x0000700310fe89b8: ;   {metadata(method data for {method} {0x00007002f0466f38} 'invokeImpl' '(Ljava/lang/Object;[Ljava/lang/Object;)Ljava/lang/Object;' in 'jdk/internal/reflect/DirectMethodHandleAccessor')}
  0x0000700310fe89b8: 48bb 7804 | d2f0 0270 | 0000 4883 | 8338 0100 

  0x0000700310fe89c8: ;   {metadata(method data for {method} {0x00007002f03c2260} 'invokeExact_MT' '(Ljava/lang/Object;Ljava/lang/Object;Ljava/lang/Object;)Ljava/lang/Object;' in 'java/lang/invoke/Invokers$Holder')}
  0x0000700310fe89c8: 0001 48bb | 3008 d2f0 | 0270 0000 | 8b83 9000 | 0000 83c0 | 0289 8390 | 0000 0025 | feff 1f00 
  0x0000700310fe89e8: 85c0 0f84 | 7e0a 0000 

  0x0000700310fe89f0: ;   {metadata(method data for {method} {0x00007002f03c2260} 'invokeExact_MT' '(Ljava/lang/Object;Ljava/lang/Object;Ljava/lang/Object;)Ljava/lang/Object;' in 'java/lang/invoke/Invokers$Holder')}
  0x0000700310fe89f0: 48bb 3008 | d2f0 0270 | 0000 488d | 9b48 0100 | 0048 85ff | 750c f643 | 0801 7506 | f048 834b 
  0x0000700310fe8a10: ;   {metadata(method data for {method} {0x00007002f03c2260} 'invokeExact_MT' '(Ljava/lang/Object;Ljava/lang/Object;Ljava/lang/Object;)Ljava/lang/Object;' in 'java/lang/invoke/Invokers$Holder')}
  0x0000700310fe8a10: 0801 48bb | 3008 d2f0 | 0270 0000 | 4883 8338 | 0100 0001 

  0x0000700310fe8a24: ;   {metadata(method data for {method} {0x00007002f036a9d8} 'checkExactType' '(Ljava/lang/invoke/MethodHandle;Ljava/lang/invoke/MethodType;)V' in 'java/lang/invoke/Invokers')}
  0x0000700310fe8a24: 48bb 1822 | d1f0 0270 | 0000 8b83 | 9000 0000 | 83c0 0289 | 8390 0000 | 0025 feff | 1f00 85c0 
  0x0000700310fe8a44: 0f84 450a | 0000 483b | 0748 8bdf 

  0x0000700310fe8a50: ;   {metadata(method data for {method} {0x00007002f036a9d8} 'checkExactType' '(Ljava/lang/invoke/MethodHandle;Ljava/lang/invoke/MethodType;)V' in 'java/lang/invoke/Invokers')}
  0x0000700310fe8a50: 48b8 1822 | d1f0 0270 | 0000 8b5b | 0848 3b98 | e000 0000 | 750d 4883 | 80e8 0000 | 0001 e960 
  0x0000700310fe8a70: 0000 0048 | 3b98 f000 | 0000 750d | 4883 80f8 | 0000 0001 | e94a 0000 | 0048 83b8 | e000 0000 
  0x0000700310fe8a90: 0075 1748 | 8998 e000 | 0000 48c7 | 80e8 0000 | 0001 0000 | 00e9 2900 | 0000 4883 | b8f0 0000 
  0x0000700310fe8ab0: 0000 7517 | 4889 98f0 | 0000 0048 | c780 f800 | 0000 0100 | 0000 e908 | 0000 0048 | 8380 d800 
  0x0000700310fe8ad0: 0000 018b 

  0x0000700310fe8ad4: ;   {oop(a 'java/lang/invoke/MethodType'{0x00000000c0102698} = (Ljava/lang/Object;)Ljava/lang/Object;)}
  0x0000700310fe8ad4: 5f10 48b8 | 9826 10c0 | 0000 0000 

  0x0000700310fe8ae0: ;   {metadata(method data for {method} {0x00007002f036a9d8} 'checkExactType' '(Ljava/lang/invoke/MethodHandle;Ljava/lang/invoke/MethodType;)V' in 'java/lang/invoke/Invokers')}
  0x0000700310fe8ae0: 483b d848 | b818 22d1 | f002 7000 | 00b9 1801 | 0000 7505 | b908 0100 | 004c 8b04 | 084d 8d40 
  0x0000700310fe8b00: 014c 8904 | 080f 850c 

  0x0000700310fe8b08: ;   {metadata(method data for {method} {0x00007002f03c2260} 'invokeExact_MT' '(Ljava/lang/Object;Ljava/lang/Object;Ljava/lang/Object;)Ljava/lang/Object;' in 'java/lang/invoke/Invokers$Holder')}
  0x0000700310fe8b08: 0200 0048 | bb30 08d2 | f002 7000 | 0048 8383 | 7001 0000 

  0x0000700310fe8b1c: ;   {metadata(method data for {method} {0x00007002f036b020} 'checkCustomized' '(Ljava/lang/invoke/MethodHandle;)V' in 'java/lang/invoke/Invokers')}
  0x0000700310fe8b1c: 0148 bbb0 | 1fd1 f002 | 7000 008b | 8390 0000 | 0083 c002 | 8983 9000 | 0000 25fe | ff1f 0085 
  0x0000700310fe8b3c: c00f 8472 

  0x0000700310fe8b40: ;   {metadata(method data for {method} {0x00007002f036b020} 'checkCustomized' '(Ljava/lang/invoke/MethodHandle;)V' in 'java/lang/invoke/Invokers')}
  0x0000700310fe8b40: 0900 0048 | bbb0 1fd1 | f002 7000 | 0048 8383 | d800 0000 

  0x0000700310fe8b54: ;   {metadata(method data for {method} {0x00007002f008fb80} 'isCompileConstant' '(Ljava/lang/Object;)Z' in 'java/lang/invoke/MethodHandleImpl')}
  0x0000700310fe8b54: 0148 bb28 | 21d1 f002 | 7000 008b | 8390 0000 | 0083 c002 | 8983 9000 | 0000 25fe | ff1f 0085 
  0x0000700310fe8b74: c00f 845b 

  0x0000700310fe8b78: ;   {metadata(method data for {method} {0x00007002f036b020} 'checkCustomized' '(Ljava/lang/invoke/MethodHandle;)V' in 'java/lang/invoke/Invokers')}
  0x0000700310fe8b78: 0900 0048 | bbb0 1fd1 | f002 7000 | 00ff 83e8 | 0000 008b | 5f14 8b5b | 1c48 85db 

  0x0000700310fe8b94: ;   {metadata(method data for {method} {0x00007002f036b020} 'checkCustomized' '(Ljava/lang/invoke/MethodHandle;)V' in 'java/lang/invoke/Invokers')}
  0x0000700310fe8b94: 48bb b01f | d1f0 0270 | 0000 b808 | 0100 0075 | 05b8 1801 | 0000 488b | 0c03 488d | 4901 4889 
  0x0000700310fe8bb4: 0c03 0f85 | 2800 0000 

  0x0000700310fe8bbc: ;   {metadata(method data for {method} {0x00007002f036b020} 'checkCustomized' '(Ljava/lang/invoke/MethodHandle;)V' in 'java/lang/invoke/Invokers')}
  0x0000700310fe8bbc: 48bb b01f | d1f0 0270 | 0000 4883 | 8328 0100 | 0001 488b | f766 0f1f 

  0x0000700310fe8bd4: ;   {static_call}
  0x0000700310fe8bd4: 4400 00e8 

  0x0000700310fe8bd8: ; ImmutableOopMap {[168]=Oop [184]=Oop [216]=Oop }
                      ;*invokestatic maybeCustomize {reexecute=0 rethrow=0 return_oop=0}
                      ; - java.lang.invoke.Invokers::checkCustomized@19
                      ; - java.lang.invoke.Invokers$Holder::invokeExact_MT@14
                      ; - jdk.internal.reflect.DirectMethodHandleAccessor::invokeImpl@41
                      ; - jdk.internal.reflect.DirectMethodHandleAccessor::invoke@23
  0x0000700310fe8bd8: 24a5 ffff 

  0x0000700310fe8bdc: ;   {post_call_nop}
  0x0000700310fe8bdc: 0f1f 8400 | 5412 0007 | 488b 9424 | b800 0000 

  0x0000700310fe8bec: ;   {metadata(method data for {method} {0x00007002f03c2260} 'invokeExact_MT' '(Ljava/lang/Object;Ljava/lang/Object;Ljava/lang/Object;)Ljava/lang/Object;' in 'java/lang/invoke/Invokers$Holder')}
  0x0000700310fe8bec: 48be 3008 | d2f0 0270 | 0000 488d | b6c8 0100 | 0048 85d2 | 750c f646 | 0801 7506 | f048 834e 
  0x0000700310fe8c0c: 0801 488b | bc24 d800 

  0x0000700310fe8c14: ;   {metadata(method data for {method} {0x00007002f03c2260} 'invokeExact_MT' '(Ljava/lang/Object;Ljava/lang/Object;Ljava/lang/Object;)Ljava/lang/Object;' in 'java/lang/invoke/Invokers$Holder')}
  0x0000700310fe8c14: 0000 48be | 3008 d2f0 | 0270 0000 | 8b7f 0848 | 3bbe a001 | 0000 750d | 4883 86a8 | 0100 0001 
  0x0000700310fe8c34: e960 0000 | 0048 3bbe | b001 0000 | 750d 4883 | 86b8 0100 | 0001 e94a | 0000 0048 | 83be a001 
  0x0000700310fe8c54: 0000 0075 | 1748 89be | a001 0000 | 48c7 86a8 | 0100 0001 | 0000 00e9 | 2900 0000 | 4883 beb0 
  0x0000700310fe8c74: 0100 0000 | 7517 4889 | beb0 0100 | 0048 c786 | b801 0000 | 0100 0000 | e908 0000 | 0048 8386 
  0x0000700310fe8c94: 9801 0000 | 0148 8bb4 | 24d8 0000 | 0066 0f1f 

  0x0000700310fe8ca4: ;   {optimized virtual_call}
  0x0000700310fe8ca4: 4400 00e8 

  0x0000700310fe8ca8: ; ImmutableOopMap {[168]=Oop }
                      ;*invokevirtual invokeBasic {reexecute=0 rethrow=0 return_oop=0}
                      ; - java.lang.invoke.Invokers$Holder::invokeExact_MT@19
                      ; - jdk.internal.reflect.DirectMethodHandleAccessor::invokeImpl@41
                      ; - jdk.internal.reflect.DirectMethodHandleAccessor::invoke@23
  0x0000700310fe8ca8: d4af 9707 

  0x0000700310fe8cac: ;   {post_call_nop}
  0x0000700310fe8cac: 0f1f 8400 | 2413 0008 

  0x0000700310fe8cb4: ;   {metadata(method data for {method} {0x00007002f03c2260} 'invokeExact_MT' '(Ljava/lang/Object;Ljava/lang/Object;Ljava/lang/Object;)Ljava/lang/Object;' in 'java/lang/invoke/Invokers$Holder')}
  0x0000700310fe8cb4: 48be 3008 | d2f0 0270 | 0000 488d | b6d8 0100 | 0048 85c0 | 750a f606 | 0175 05f0 | 4883 0e01 
  0x0000700310fe8cd4: ;   {metadata(method data for {method} {0x00007002f0466f38} 'invokeImpl' '(Ljava/lang/Object;[Ljava/lang/Object;)Ljava/lang/Object;' in 'jdk/internal/reflect/DirectMethodHandleAccessor')}
  0x0000700310fe8cd4: 48be 7804 | d2f0 0270 | 0000 488d | b678 0100 | 0048 85c0 | 750a f606 | 0175 05f0 | 4883 0e01 
  0x0000700310fe8cf4: ;   {metadata(method data for {method} {0x00007002f0466f38} 'invokeImpl' '(Ljava/lang/Object;[Ljava/lang/Object;)Ljava/lang/Object;' in 'jdk/internal/reflect/DirectMethodHandleAccessor')}
  0x0000700310fe8cf4: 48be 7804 | d2f0 0270 | 0000 ff86 | 8801 0000 | 4881 c420 | 0100 005d 

  0x0000700310fe8d0c: ;   {poll_return}
  0x0000700310fe8d0c: 493b 6728 | 0f87 e607 

  0x0000700310fe8d14: ;   {metadata(method data for {method} {0x00007002f036a9d8} 'checkExactType' '(Ljava/lang/invoke/MethodHandle;Ljava/lang/invoke/MethodType;)V' in 'java/lang/invoke/Invokers')}
  0x0000700310fe8d14: 0000 c348 | be18 22d1 | f002 7000 | 0048 8386 | 2801 0000 

  0x0000700310fe8d28: ;   {oop(a 'java/lang/invoke/MethodType'{0x00000000c0102698} = (Ljava/lang/Object;)Ljava/lang/Object;)}
  0x0000700310fe8d28: 0148 b898 | 2610 c000 | 0000 0048 | 8bf3 488b | d066 0f1f 

  0x0000700310fe8d3c: ;   {static_call}
  0x0000700310fe8d3c: 4400 00e8 

  0x0000700310fe8d40: ; ImmutableOopMap {[168]=Oop [184]=Oop [216]=Oop }
                      ;*invokestatic newWrongMethodTypeException {reexecute=0 rethrow=0 return_oop=0}
                      ; - java.lang.invoke.Invokers::checkExactType@12
                      ; - java.lang.invoke.Invokers$Holder::invokeExact_MT@10
                      ; - jdk.internal.reflect.DirectMethodHandleAccessor::invokeImpl@41
                      ; - jdk.internal.reflect.DirectMethodHandleAccessor::invoke@23
  0x0000700310fe8d40: 9c4f 4307 

  0x0000700310fe8d44: ;   {post_call_nop}
  0x0000700310fe8d44: 0f1f 8400 | bc13 0009 

  0x0000700310fe8d4c: ; implicit exception: dispatches to 0x0000700310fe9512
                      ; ImmutableOopMap {rax=Oop [168]=Oop [184]=Oop [216]=Oop }
                      ;*athrow {reexecute=1 rethrow=0 return_oop=0}
                      ; - (reexecute) java.lang.invoke.Invokers::checkExactType@15
                      ; - java.lang.invoke.Invokers$Holder::invokeExact_MT@10
                      ; - jdk.internal.reflect.DirectMethodHandleAccessor::invokeImpl@41
                      ; - jdk.internal.reflect.DirectMethodHandleAccessor::invoke@23
                      ;   {section_word}
  0x0000700310fe8d4c: 483b 0048 | ba4f 8dfe | 1003 7000 

  0x0000700310fe8d58: ;   {runtime_call C1 Runtime handle_exception_nofpu_blob}
  0x0000700310fe8d58: 00e8 0226 

  0x0000700310fe8d5c: ;   {metadata(method data for {method} {0x00007002f036a9d8} 'checkExactType' '(Ljava/lang/invoke/MethodHandle;Ljava/lang/invoke/MethodType;)V' in 'java/lang/invoke/Invokers')}
  0x0000700310fe8d5c: 5007 9048 | be18 22d1 | f002 7000 | 0048 8386 | 2801 0000 

  0x0000700310fe8d70: ;   {oop(a 'java/lang/invoke/MethodType'{0x00000000c0148118} = (Ljava/lang/Object;Ljava/lang/Object;Ljava/lang/Object;)Ljava/lang/Object;)}
  0x0000700310fe8d70: 0149 b818 | 8114 c000 | 0000 0048 | 8bf1 498b | d066 0f1f 

  0x0000700310fe8d84: ;   {static_call}
  0x0000700310fe8d84: 4400 00e8 

  0x0000700310fe8d88: ; ImmutableOopMap {[168]=Oop [184]=Oop [192]=Oop [200]=Oop [208]=Oop }
                      ;*invokestatic newWrongMethodTypeException {reexecute=0 rethrow=0 return_oop=0}
                      ; - java.lang.invoke.Invokers::checkExactType@12
                      ; - java.lang.invoke.LambdaForm$MH/0x000000003e146c00::invokeExact_MT@11
                      ; - jdk.internal.reflect.DirectMethodHandleAccessor::invokeImpl@72
                      ; - jdk.internal.reflect.DirectMethodHandleAccessor::invoke@23
  0x0000700310fe8d88: 544f 4307 

  0x0000700310fe8d8c: ;   {post_call_nop}
  0x0000700310fe8d8c: 0f1f 8400 | 0414 000b 

  0x0000700310fe8d94: ; implicit exception: dispatches to 0x0000700310fe9517
                      ; ImmutableOopMap {rax=Oop [168]=Oop [184]=Oop [192]=Oop [200]=Oop [208]=Oop }
                      ;*athrow {reexecute=1 rethrow=0 return_oop=0}
                      ; - (reexecute) java.lang.invoke.Invokers::checkExactType@15
                      ; - java.lang.invoke.LambdaForm$MH/0x000000003e146c00::invokeExact_MT@11
                      ; - jdk.internal.reflect.DirectMethodHandleAccessor::invokeImpl@72
                      ; - jdk.internal.reflect.DirectMethodHandleAccessor::invoke@23
                      ;   {section_word}
  0x0000700310fe8d94: 483b 0048 | ba97 8dfe | 1003 7000 

  0x0000700310fe8da0: ;   {runtime_call C1 Runtime handle_exception_nofpu_blob}
  0x0000700310fe8da0: 00e8 ba25 | 5007 9049 | 8b87 e005 | 0000 4d33 | d24d 8997 | e005 0000 | 4d33 d24d | 8997 e805 
  0x0000700310fe8dc0: 0000 488b | b424 a800 

  0x0000700310fe8dc8: ;   {metadata(method data for {method} {0x00007002f0466c60} 'invoke' '(Ljava/lang/Object;[Ljava/lang/Object;)Ljava/lang/Object;' in 'jdk/internal/reflect/DirectMethodHandleAccessor')}
  0x0000700310fe8dc8: 0000 48ba | c0fd d1f0 | 0270 0000 | 4883 8208 | 0200 0001 

  0x0000700310fe8ddc: ;   {metadata(method data for {method} {0x00007002f04672d0} 'isIllegalArgument' '(Ljava/lang/RuntimeException;)Z' in 'jdk/internal/reflect/DirectMethodHandleAccessor')}
  0x0000700310fe8ddc: 48be 784d | d2f0 0270 | 0000 8b96 | 9000 0000 | 83c2 0289 | 9690 0000 | 0081 e2fe | ff1f 0085 
  0x0000700310fe8dfc: d20f 8419 

  0x0000700310fe8e00: ;   {oop(a 'java/lang/Class'{0x00000000c0314370} = 'jdk/internal/reflect/DirectMethodHandleAccessor')}
  0x0000700310fe8e00: 0700 0048 | be70 4331 | c000 0000 | 0048 8bd0 | 4889 8424 | e000 0000 | 0f1f 8000 

  0x0000700310fe8e1c: ;   {static_call}
  0x0000700310fe8e1c: 0000 00e8 

  0x0000700310fe8e20: ; ImmutableOopMap {[224]=Oop }
                      ;*invokestatic isIllegalArgument {reexecute=0 rethrow=0 return_oop=0}
                      ; - jdk.internal.reflect.DirectMethodHandleAccessor::isIllegalArgument@3
                      ; - jdk.internal.reflect.DirectMethodHandleAccessor::invoke@58
  0x0000700310fe8e20: bc4e 4307 

  0x0000700310fe8e24: ;   {post_call_nop}
  0x0000700310fe8e24: 0f1f 8400 | 9c14 000d | 83e0 0185 

  0x0000700310fe8e30: ;   {metadata(method data for {method} {0x00007002f0466c60} 'invoke' '(Ljava/lang/Object;[Ljava/lang/Object;)Ljava/lang/Object;' in 'jdk/internal/reflect/DirectMethodHandleAccessor')}
  0x0000700310fe8e30: c048 b8c0 | fdd1 f002 | 7000 00be | 3802 0000 | 7405 be48 | 0200 0048 | 8b14 3048 | 8d52 0148 
  0x0000700310fe8e50: 8914 300f | 8488 0200 | 00e9 eb01 | 0000 488b | b424 a800 | 0000 498b | 87e0 0500 | 004d 33d2 
  0x0000700310fe8e70: 4d89 97e0 | 0500 004d | 33d2 4d89 | 97e8 0500 

  0x0000700310fe8e80: ;   {metadata(method data for {method} {0x00007002f0466c60} 'invoke' '(Ljava/lang/Object;[Ljava/lang/Object;)Ljava/lang/Object;' in 'jdk/internal/reflect/DirectMethodHandleAccessor')}
  0x0000700310fe8e80: 0048 bac0 | fdd1 f002 | 7000 0048 | 8382 9801 

  0x0000700310fe8e90: ;   {metadata(method data for {method} {0x00007002f04672d0} 'isIllegalArgument' '(Ljava/lang/RuntimeException;)Z' in 'jdk/internal/reflect/DirectMethodHandleAccessor')}
  0x0000700310fe8e90: 0000 0148 | be78 4dd2 | f002 7000 | 008b 9690 | 0000 0083 | c202 8996 | 9000 0000 | 81e2 feff 
  0x0000700310fe8eb0: 1f00 85d2 | 0f84 8306 

  0x0000700310fe8eb8: ;   {oop(a 'java/lang/Class'{0x00000000c0314370} = 'jdk/internal/reflect/DirectMethodHandleAccessor')}
  0x0000700310fe8eb8: 0000 48be | 7043 31c0 | 0000 0000 | 488b d048 | 8984 24e8 

  0x0000700310fe8ecc: ;   {static_call}
  0x0000700310fe8ecc: 0000 00e8 

  0x0000700310fe8ed0: ; ImmutableOopMap {[232]=Oop }
                      ;*invokestatic isIllegalArgument {reexecute=0 rethrow=0 return_oop=0}
                      ; - jdk.internal.reflect.DirectMethodHandleAccessor::isIllegalArgument@3
                      ; - jdk.internal.reflect.DirectMethodHandleAccessor::invoke@30
  0x0000700310fe8ed0: 0c4e 4307 

  0x0000700310fe8ed4: ;   {post_call_nop}
  0x0000700310fe8ed4: 0f1f 8400 | 4c15 000e | 83e0 0185 

  0x0000700310fe8ee0: ;   {metadata(method data for {method} {0x00007002f0466c60} 'invoke' '(Ljava/lang/Object;[Ljava/lang/Object;)Ljava/lang/Object;' in 'jdk/internal/reflect/DirectMethodHandleAccessor')}
  0x0000700310fe8ee0: c048 bac0 | fdd1 f002 | 7000 00be | c801 0000 | 7405 bed8 | 0100 0048 | 8b3c 3248 | 8d7f 0148 
  0x0000700310fe8f00: 893c 320f | 8498 0000 | 000f 1f80 | 0000 0000 

  0x0000700310fe8f10: ;   {other}
  0x0000700310fe8f10: e958 0600 | 0000 0000 | 0000 498b | 87c8 0100 | 0048 8d78 | 2849 3bbf | d801 0000 | 0f87 4506 
  0x0000700310fe8f30: 0000 4989 | bfc8 0100 | 0048 c700 | 0100 0000 | 488b ca89 | 4808 4833 | c989 480c | 4833 c948 
  0x0000700310fe8f50: 8948 1048 | 8948 1848 | 8948 2048 

  0x0000700310fe8f5c: ;   {metadata(method data for {method} {0x00007002f0466c60} 'invoke' '(Ljava/lang/Object;[Ljava/lang/Object;)Ljava/lang/Object;' in 'jdk/internal/reflect/DirectMethodHandleAccessor')}
  0x0000700310fe8f5c: 8bd0 48be | c0fd d1f0 | 0270 0000 | 4883 86e8 | 0100 0001 

  0x0000700310fe8f70: ;   {oop("argument type mismatch"{0x00000000c02bdbb0})}
  0x0000700310fe8f70: 48ba b0db | 2bc0 0000 | 0000 488b | f048 8984 | 24f0 0000 

  0x0000700310fe8f84: ;   {optimized virtual_call}
  0x0000700310fe8f84: 0066 90e8 

  0x0000700310fe8f88: ; ImmutableOopMap {[240]=Oop }
                      ;*invokespecial <init> {reexecute=0 rethrow=0 return_oop=0}
                      ; - jdk.internal.reflect.DirectMethodHandleAccessor::invoke@42
  0x0000700310fe8f88: 5447 4307 

  0x0000700310fe8f8c: ;   {post_call_nop}
  0x0000700310fe8f8c: 0f1f 8400 | 0416 000f | 488b 8424 | f000 0000 | e9a7 0600 | 0048 8b9c | 24e8 0000 | 000f 1f80 
  0x0000700310fe8fac: 0000 0000 

  0x0000700310fe8fb0: ;   {other}
  0x0000700310fe8fb0: e9de 0500 | 0000 0000 | 0000 80ba | 3001 0000 | 040f 85db | 0500 0049 | 8b87 c801 | 0000 488d 
  0x0000700310fe8fd0: 7828 493b | bfd8 0100 | 000f 87c3 | 0500 0049 | 89bf c801 | 0000 48c7 | 0001 0000 | 0048 8bca 
  0x0000700310fe8ff0: 8948 0848 | 33c9 8948 | 0c48 33c9 | 4889 4810 | 4889 4818 | 4889 4820 

  0x0000700310fe9008: ;   {metadata(method data for {method} {0x00007002f0466c60} 'invoke' '(Ljava/lang/Object;[Ljava/lang/Object;)Ljava/lang/Object;' in 'jdk/internal/reflect/DirectMethodHandleAccessor')}
  0x0000700310fe9008: 488b d048 | bec0 fdd1 | f002 7000 | 0048 8386 | f801 0000 | 0148 8bd3 | 488b f048 | 8984 24f8 
  0x0000700310fe9028: 0000 000f 

  0x0000700310fe902c: ;   {optimized virtual_call}
  0x0000700310fe902c: 1f40 00e8 

  0x0000700310fe9030: ; ImmutableOopMap {[248]=Oop }
                      ;*invokespecial <init> {reexecute=0 rethrow=0 return_oop=0}
                      ; - jdk.internal.reflect.DirectMethodHandleAccessor::invoke@51
  0x0000700310fe9030: ac46 4307 

  0x0000700310fe9034: ;   {post_call_nop}
  0x0000700310fe9034: 0f1f 8400 | ac16 0010 | 488b 8424 | f800 0000 | e9ff 0500 | 000f 1f80 | 0000 0000 

  0x0000700310fe9050: ;   {other}
  0x0000700310fe9050: e969 0500 | 0000 0000 | 0000 498b | 87c8 0100 | 0048 8d78 | 2849 3bbf | d801 0000 | 0f87 5605 
  0x0000700310fe9070: 0000 4989 | bfc8 0100 | 0048 c700 | 0100 0000 | 488b ca89 | 4808 4833 | c989 480c | 4833 c948 
  0x0000700310fe9090: 8948 1048 | 8948 1848 | 8948 2048 

  0x0000700310fe909c: ;   {metadata(method data for {method} {0x00007002f0466c60} 'invoke' '(Ljava/lang/Object;[Ljava/lang/Object;)Ljava/lang/Object;' in 'jdk/internal/reflect/DirectMethodHandleAccessor')}
  0x0000700310fe909c: 8bd0 48be | c0fd d1f0 | 0270 0000 | 4883 8658 | 0200 0001 | 488b 9424 | e000 0000 | 488b f048 
  0x0000700310fe90bc: 8984 2400 | 0100 000f 

  0x0000700310fe90c4: ;   {optimized virtual_call}
  0x0000700310fe90c4: 1f40 00e8 

  0x0000700310fe90c8: ; ImmutableOopMap {[256]=Oop }
                      ;*invokespecial <init> {reexecute=0 rethrow=0 return_oop=0}
                      ; - jdk.internal.reflect.DirectMethodHandleAccessor::invoke@69
  0x0000700310fe90c8: 1446 4307 

  0x0000700310fe90cc: ;   {post_call_nop}
  0x0000700310fe90cc: 0f1f 8400 | 4417 0011 | 488b 8424 | 0001 0000 | e967 0500 | 0048 8b9c | 24e0 0000 | 000f 1f80 
  0x0000700310fe90ec: 0000 0000 

  0x0000700310fe90f0: ;   {other}
  0x0000700310fe90f0: e9ef 0400 | 0000 0000 | 0000 80ba | 3001 0000 | 040f 85ec | 0400 0049 | 8b87 c801 | 0000 488d 
  0x0000700310fe9110: 7828 493b | bfd8 0100 | 000f 87d4 | 0400 0049 | 89bf c801 | 0000 48c7 | 0001 0000 | 0048 8bca 
  0x0000700310fe9130: 8948 0848 | 33c9 8948 | 0c48 33c9 | 4889 4810 | 4889 4818 | 4889 4820 

  0x0000700310fe9148: ;   {metadata(method data for {method} {0x00007002f0466c60} 'invoke' '(Ljava/lang/Object;[Ljava/lang/Object;)Ljava/lang/Object;' in 'jdk/internal/reflect/DirectMethodHandleAccessor')}
  0x0000700310fe9148: 488b d048 | bec0 fdd1 | f002 7000 | 0048 8386 | 6802 0000 | 0148 8bd3 | 488b f048 | 8984 2408 
  0x0000700310fe9168: 0100 000f 

  0x0000700310fe916c: ;   {optimized virtual_call}
  0x0000700310fe916c: 1f40 00e8 

  0x0000700310fe9170: ; ImmutableOopMap {[264]=Oop }
                      ;*invokespecial <init> {reexecute=0 rethrow=0 return_oop=0}
                      ; - jdk.internal.reflect.DirectMethodHandleAccessor::invoke@78
  0x0000700310fe9170: 6c45 4307 

  0x0000700310fe9174: ;   {post_call_nop}
  0x0000700310fe9174: 0f1f 8400 | ec17 0012 | 488b 8424 | 0801 0000 | e9bf 0400 | 0049 8b87 | e005 0000 | 4d33 d24d 
  0x0000700310fe9194: 8997 e005 | 0000 4d33 | d24d 8997 | e805 0000 | 488b d890 

  0x0000700310fe91a8: ;   {metadata('java/lang/reflect/InvocationTargetException')}
  0x0000700310fe91a8: 48ba a054 | 0d3e 0000 | 0000 80ba | 3001 0000 | 040f 855f | 0400 0049 | 8b87 c801 | 0000 488d 
  0x0000700310fe91c8: 7828 493b | bfd8 0100 | 000f 8747 | 0400 0049 | 89bf c801 | 0000 48c7 | 0001 0000 | 0048 8bca 
  0x0000700310fe91e8: 8948 0848 | 33c9 8948 | 0c48 33c9 | 4889 4810 | 4889 4818 | 4889 4820 

  0x0000700310fe9200: ;   {metadata(method data for {method} {0x00007002f0466c60} 'invoke' '(Ljava/lang/Object;[Ljava/lang/Object;)Ljava/lang/Object;' in 'jdk/internal/reflect/DirectMethodHandleAccessor')}
  0x0000700310fe9200: 488b d048 | bec0 fdd1 | f002 7000 | 0048 8386 | 7802 0000 | 0148 8bd3 | 488b f048 | 8984 2410 
  0x0000700310fe9220: 0100 000f 

  0x0000700310fe9224: ;   {optimized virtual_call}
  0x0000700310fe9224: 1f40 00e8 

  0x0000700310fe9228: ; ImmutableOopMap {[272]=Oop }
                      ;*invokespecial <init> {reexecute=0 rethrow=0 return_oop=0}
                      ; - jdk.internal.reflect.DirectMethodHandleAccessor::invoke@88
  0x0000700310fe9228: a104 0000 

  0x0000700310fe922c: ;   {post_call_nop}
  0x0000700310fe922c: 0f1f 8400 | a418 0013 | 488b 8424 | 1001 0000 | e907 0400 

  0x0000700310fe9240: ;   {metadata({method} {0x00007002f0466c60} 'invoke' '(Ljava/lang/Object;[Ljava/lang/Object;)Ljava/lang/Object;' in 'jdk/internal/reflect/DirectMethodHandleAccessor')}
  0x0000700310fe9240: 0049 ba60 | 6c46 f002 | 7000 004c | 8954 2408 | 48c7 0424 | ffff ffff 

  0x0000700310fe9258: ;   {runtime_call C1 Runtime counter_overflow_blob}
  0x0000700310fe9258: e803 5b50 

  0x0000700310fe925c: ; ImmutableOopMap {rsi=Oop rdx=Oop rcx=Oop [168]=Oop [184]=Oop }
                      ;*synchronization entry
                      ; - jdk.internal.reflect.DirectMethodHandleAccessor::invoke@-1
  0x0000700310fe925c: 07e9 94e8 

  0x0000700310fe9260: ;   {metadata({method} {0x00007002f0467170} 'isStatic' '()Z' in 'jdk/internal/reflect/DirectMethodHandleAccessor')}
  0x0000700310fe9260: ffff 49ba | 7071 46f0 | 0270 0000 | 4c89 5424 | 0848 c704 | 24ff ffff 

  0x0000700310fe9278: ;   {runtime_call C1 Runtime counter_overflow_blob}
  0x0000700310fe9278: ffe8 e25a 

  0x0000700310fe927c: ; ImmutableOopMap {rsi=Oop rdx=Oop rcx=Oop [168]=Oop [184]=Oop }
                      ;*synchronization entry
                      ; - jdk.internal.reflect.DirectMethodHandleAccessor::isStatic@-1
                      ; - jdk.internal.reflect.DirectMethodHandleAccessor::invoke@1
  0x0000700310fe927c: 5007 e9af 

  0x0000700310fe9280: ;   {metadata({method} {0x00007002f0466f38} 'invokeImpl' '(Ljava/lang/Object;[Ljava/lang/Object;)Ljava/lang/Object;' in 'jdk/internal/reflect/DirectMethodHandleAccessor')}
  0x0000700310fe9280: e8ff ff49 | ba38 6f46 | f002 7000 | 004c 8954 | 2408 48c7 | 0424 ffff 

  0x0000700310fe9298: ;   {runtime_call C1 Runtime counter_overflow_blob}
  0x0000700310fe9298: ffff e8c1 

  0x0000700310fe929c: ; ImmutableOopMap {rsi=Oop [168]=Oop [176]=Oop [184]=Oop }
                      ;*synchronization entry
                      ; - jdk.internal.reflect.DirectMethodHandleAccessor::invokeImpl@-1
                      ; - jdk.internal.reflect.DirectMethodHandleAccessor::invoke@23
  0x0000700310fe929c: 5a50 07e9 | c4e9 ffff | 49b8 0000 | 0000 0000 | 0000 b800 

  0x0000700310fe92b0: ;   {runtime_call C1 Runtime load_appendix_patching_blob}
  0x0000700310fe92b0: 0f05 0ae8 

  0x0000700310fe92b4: ; ImmutableOopMap {rsi=Oop rdx=Oop rcx=Oop rdi=Oop [168]=Oop [184]=Oop }
                      ;*invokevirtual invokeExact {reexecute=1 rethrow=0 return_oop=0}
                      ; - (reexecute) jdk.internal.reflect.DirectMethodHandleAccessor::invokeImpl@104
                      ; - jdk.internal.reflect.DirectMethodHandleAccessor::invoke@23
  0x0000700310fe92b4: a853 5007 | e94b eaff 

  0x0000700310fe92bc: ;   {runtime_call C1 Runtime throw_null_pointer_exception_blob}
  0x0000700310fe92bc: ffe8 9e08 

  0x0000700310fe92c0: ; ImmutableOopMap {rsi=Oop rdx=Oop rcx=Oop rdi=Oop r8=Oop [168]=Oop [184]=Oop }
                      ;*invokevirtual invokeExact {reexecute=0 rethrow=0 return_oop=0}
                      ; - jdk.internal.reflect.DirectMethodHandleAccessor::invokeImpl@104
                      ; - jdk.internal.reflect.DirectMethodHandleAccessor::invoke@23
                      ;   {internal_word}
  0x0000700310fe92c0: 5007 49ba | be7e fe10 | 0370 0000 | 4d89 9738 

  0x0000700310fe92d0: ;   {runtime_call SafepointBlob}
  0x0000700310fe92d0: 0500 00e9 | 8865 4307 

  0x0000700310fe92d8: ;   {runtime_call C1 Runtime throw_null_pointer_exception_blob}
  0x0000700310fe92d8: e883 0850 

  0x0000700310fe92dc: ; ImmutableOopMap {rsi=Oop rdx=Oop rcx=Oop rbx=Oop [168]=Oop [184]=Oop }
                      ;*aaload {reexecute=0 rethrow=0 return_oop=0}
                      ; - jdk.internal.reflect.DirectMethodHandleAccessor::invokeImpl@85
                      ; - jdk.internal.reflect.DirectMethodHandleAccessor::invoke@23
                      ;   {runtime_call C1 Runtime throw_null_pointer_exception_blob}
  0x0000700310fe92dc: 07e8 7e08 

  0x0000700310fe92e0: ; ImmutableOopMap {rsi=Oop rdx=Oop rcx=Oop rbx=Oop [168]=Oop [184]=Oop }
                      ;*aaload {reexecute=0 rethrow=0 return_oop=0}
                      ; - jdk.internal.reflect.DirectMethodHandleAccessor::invokeImpl@85
                      ; - jdk.internal.reflect.DirectMethodHandleAccessor::invoke@23
  0x0000700310fe92e0: 5007 48c7 | 0424 0000 | 0000 4889 

  0x0000700310fe92ec: ;   {runtime_call C1 Runtime throw_range_check_failed_blob}
  0x0000700310fe92ec: 4c24 08e8 

  0x0000700310fe92f0: ; ImmutableOopMap {rsi=Oop rdx=Oop rcx=Oop rbx=Oop [168]=Oop [184]=Oop }
                      ;*aaload {reexecute=0 rethrow=0 return_oop=0}
                      ; - jdk.internal.reflect.DirectMethodHandleAccessor::invokeImpl@85
                      ; - jdk.internal.reflect.DirectMethodHandleAccessor::invoke@23
  0x0000700310fe92f0: 6cff 4f07 | 48c7 0424 | 0100 0000 | 4889 4c24 

  0x0000700310fe9300: ;   {runtime_call C1 Runtime throw_range_check_failed_blob}
  0x0000700310fe9300: 08e8 5aff 

  0x0000700310fe9304: ; ImmutableOopMap {rsi=Oop rdx=Oop rcx=Oop rbx=Oop r8=Oop [168]=Oop [184]=Oop }
                      ;*aaload {reexecute=0 rethrow=0 return_oop=0}
                      ; - jdk.internal.reflect.DirectMethodHandleAccessor::invokeImpl@88
                      ; - jdk.internal.reflect.DirectMethodHandleAccessor::invoke@23
  0x0000700310fe9304: 4f07 48c7 | 0424 0200 | 0000 4889 

  0x0000700310fe9310: ;   {runtime_call C1 Runtime throw_range_check_failed_blob}
  0x0000700310fe9310: 4c24 08e8 

  0x0000700310fe9314: ; ImmutableOopMap {rsi=Oop rdx=Oop rcx=Oop rbx=Oop r8=Oop r9=Oop [168]=Oop [184]=Oop }
                      ;*aaload {reexecute=0 rethrow=0 return_oop=0}
                      ; - jdk.internal.reflect.DirectMethodHandleAccessor::invokeImpl@91
                      ; - jdk.internal.reflect.DirectMethodHandleAccessor::invoke@23
  0x0000700310fe9314: 48ff 4f07 | 48b8 2883 | 14c0 0000 | 0000 b800 

  0x0000700310fe9324: ;   {runtime_call C1 Runtime load_appendix_patching_blob}
  0x0000700310fe9324: 0f05 0ae8 

  0x0000700310fe9328: ; ImmutableOopMap {rsi=Oop rdx=Oop rbx=Oop r8=Oop r9=Oop rdi=Oop [168]=Oop [184]=Oop }
                      ;*invokevirtual invokeExact {reexecute=1 rethrow=0 return_oop=0}
                      ; - (reexecute) jdk.internal.reflect.DirectMethodHandleAccessor::invokeImpl@92
                      ; - jdk.internal.reflect.DirectMethodHandleAccessor::invoke@23
  0x0000700310fe9328: 3453 5007 | e9d7 ebff 

  0x0000700310fe9330: ;   {runtime_call C1 Runtime throw_null_pointer_exception_blob}
  0x0000700310fe9330: ffe8 2a08 

  0x0000700310fe9334: ; ImmutableOopMap {rsi=Oop rdx=Oop rbx=Oop r8=Oop r9=Oop rdi=Oop rax=Oop [168]=Oop [184]=Oop }
                      ;*invokevirtual invokeExact {reexecute=0 rethrow=0 return_oop=0}
                      ; - jdk.internal.reflect.DirectMethodHandleAccessor::invokeImpl@92
                      ; - jdk.internal.reflect.DirectMethodHandleAccessor::invoke@23
                      ;   {internal_word}
  0x0000700310fe9334: 5007 49ba | df80 fe10 | 0370 0000 | 4d89 9738 

  0x0000700310fe9344: ;   {runtime_call SafepointBlob}
  0x0000700310fe9344: 0500 00e9 | 1465 4307 

  0x0000700310fe934c: ;   {runtime_call C1 Runtime throw_null_pointer_exception_blob}
  0x0000700310fe934c: e80f 0850 

  0x0000700310fe9350: ; ImmutableOopMap {rsi=Oop rcx=Oop rdx=Oop rdi=Oop [168]=Oop [184]=Oop [200]=Oop }
                      ;*aaload {reexecute=0 rethrow=0 return_oop=0}
                      ; - jdk.internal.reflect.DirectMethodHandleAccessor::invokeImpl@68
                      ; - jdk.internal.reflect.DirectMethodHandleAccessor::invoke@23
                      ;   {runtime_call C1 Runtime throw_null_pointer_exception_blob}
  0x0000700310fe9350: 07e8 0a08 

  0x0000700310fe9354: ; ImmutableOopMap {rsi=Oop rcx=Oop rdx=Oop rdi=Oop [168]=Oop [184]=Oop [200]=Oop }
                      ;*aaload {reexecute=0 rethrow=0 return_oop=0}
                      ; - jdk.internal.reflect.DirectMethodHandleAccessor::invokeImpl@68
                      ; - jdk.internal.reflect.DirectMethodHandleAccessor::invoke@23
  0x0000700310fe9354: 5007 48c7 | 0424 0000 | 0000 4889 

  0x0000700310fe9360: ;   {runtime_call C1 Runtime throw_range_check_failed_blob}
  0x0000700310fe9360: 4c24 08e8 

  0x0000700310fe9364: ; ImmutableOopMap {rsi=Oop rcx=Oop rdx=Oop rdi=Oop [168]=Oop [184]=Oop [200]=Oop }
                      ;*aaload {reexecute=0 rethrow=0 return_oop=0}
                      ; - jdk.internal.reflect.DirectMethodHandleAccessor::invokeImpl@68
                      ; - jdk.internal.reflect.DirectMethodHandleAccessor::invoke@23
  0x0000700310fe9364: f8fe 4f07 | 48c7 0424 | 0100 0000 | 4889 4c24 

  0x0000700310fe9374: ;   {runtime_call C1 Runtime throw_range_check_failed_blob}
  0x0000700310fe9374: 08e8 e6fe 

  0x0000700310fe9378: ; ImmutableOopMap {rsi=Oop rcx=Oop rdx=Oop rdi=Oop rbx=Oop [168]=Oop [184]=Oop [192]=Oop [200]=Oop }
                      ;*aaload {reexecute=0 rethrow=0 return_oop=0}
                      ; - jdk.internal.reflect.DirectMethodHandleAccessor::invokeImpl@71
                      ; - jdk.internal.reflect.DirectMethodHandleAccessor::invoke@23
                      ;   {metadata({method} {0x00007002f0b19ab0} 'invokeExact_MT' '(Ljava/lang/Object;Ljava/lang/Object;Ljava/lang/Object;Ljava/lang/Object;Ljava/lang/Object;)Ljava/lang/Object;' in 'java/lang/invoke/LambdaForm$MH+0x000000003e146c00')}
  0x0000700310fe9378: 4f07 49ba | b09a b1f0 | 0270 0000 | 4c89 5424 | 0848 c704 | 24ff ffff 

  0x0000700310fe9390: ;   {runtime_call C1 Runtime counter_overflow_blob}
  0x0000700310fe9390: ffe8 ca59 

  0x0000700310fe9394: ; ImmutableOopMap {rsi=Oop rdx=Oop rdi=Oop rbx=Oop rax=Oop [168]=Oop [184]=Oop [192]=Oop [200]=Oop [208]=Oop }
                      ;*synchronization entry
                      ; - java.lang.invoke.LambdaForm$MH/0x000000003e146c00::invokeExact_MT@-1
                      ; - jdk.internal.reflect.DirectMethodHandleAccessor::invokeImpl@72
                      ; - jdk.internal.reflect.DirectMethodHandleAccessor::invoke@23
  0x0000700310fe9394: 5007 e9e3 

  0x0000700310fe9398: ;   {metadata({method} {0x00007002f036a9d8} 'checkExactType' '(Ljava/lang/invoke/MethodHandle;Ljava/lang/invoke/MethodType;)V' in 'java/lang/invoke/Invokers')}
  0x0000700310fe9398: eeff ff49 | bad8 a936 | f002 7000 | 004c 8954 | 2408 48c7 | 0424 ffff 

  0x0000700310fe93b0: ;   {runtime_call C1 Runtime counter_overflow_blob}
  0x0000700310fe93b0: ffff e8a9 

  0x0000700310fe93b4: ; ImmutableOopMap {rsi=Oop rdx=Oop rdi=Oop rbx=Oop rax=Oop [168]=Oop [184]=Oop [192]=Oop [200]=Oop [208]=Oop }
                      ;*synchronization entry
                      ; - java.lang.invoke.Invokers::checkExactType@-1
                      ; - java.lang.invoke.LambdaForm$MH/0x000000003e146c00::invokeExact_MT@11
                      ; - jdk.internal.reflect.DirectMethodHandleAccessor::invokeImpl@72
                      ; - jdk.internal.reflect.DirectMethodHandleAccessor::invoke@23
  0x0000700310fe93b4: 5950 07e9 | 63ef ffff 

  0x0000700310fe93bc: ;   {runtime_call C1 Runtime throw_null_pointer_exception_blob}
  0x0000700310fe93bc: e89f 0750 

  0x0000700310fe93c0: ; ImmutableOopMap {rsi=Oop rdx=Oop rdi=Oop rbx=Oop rax=Oop [168]=Oop [184]=Oop [192]=Oop [200]=Oop [208]=Oop }
                      ;*invokevirtual type {reexecute=0 rethrow=0 return_oop=0}
                      ; - java.lang.invoke.Invokers::checkExactType@1
                      ; - java.lang.invoke.LambdaForm$MH/0x000000003e146c00::invokeExact_MT@11
                      ; - jdk.internal.reflect.DirectMethodHandleAccessor::invokeImpl@72
                      ; - jdk.internal.reflect.DirectMethodHandleAccessor::invoke@23
                      ;   {metadata({method} {0x00007002f036b020} 'checkCustomized' '(Ljava/lang/invoke/MethodHandle;)V' in 'java/lang/invoke/Invokers')}
  0x0000700310fe93c0: 0749 ba20 | b036 f002 | 7000 004c | 8954 2408 | 48c7 0424 | ffff ffff 

  0x0000700310fe93d8: ;   {runtime_call C1 Runtime counter_overflow_blob}
  0x0000700310fe93d8: e883 5950 

  0x0000700310fe93dc: ; ImmutableOopMap {rsi=Oop rdx=Oop rdi=Oop rbx=Oop rax=Oop [168]=Oop [184]=Oop [192]=Oop [200]=Oop [208]=Oop }
                      ;*synchronization entry
                      ; - java.lang.invoke.Invokers::checkCustomized@-1
                      ; - java.lang.invoke.LambdaForm$MH/0x000000003e146c00::invokeExact_MT@15
                      ; - jdk.internal.reflect.DirectMethodHandleAccessor::invokeImpl@72
                      ; - jdk.internal.reflect.DirectMethodHandleAccessor::invoke@23
  0x0000700310fe93dc: 07e9 8ef0 

  0x0000700310fe93e0: ;   {metadata({method} {0x00007002f008fb80} 'isCompileConstant' '(Ljava/lang/Object;)Z' in 'java/lang/invoke/MethodHandleImpl')}
  0x0000700310fe93e0: ffff 49ba | 80fb 08f0 | 0270 0000 | 4c89 5424 | 0848 c704 | 24ff ffff 

  0x0000700310fe93f8: ;   {runtime_call C1 Runtime counter_overflow_blob}
  0x0000700310fe93f8: ffe8 6259 

  0x0000700310fe93fc: ; ImmutableOopMap {rsi=Oop rdx=Oop rdi=Oop rbx=Oop rax=Oop [168]=Oop [184]=Oop [192]=Oop [200]=Oop [208]=Oop }
                      ;*synchronization entry
                      ; - java.lang.invoke.MethodHandleImpl::isCompileConstant@-1
                      ; - java.lang.invoke.Invokers::checkCustomized@1
                      ; - java.lang.invoke.LambdaForm$MH/0x000000003e146c00::invokeExact_MT@15
                      ; - jdk.internal.reflect.DirectMethodHandleAccessor::invokeImpl@72
                      ; - jdk.internal.reflect.DirectMethodHandleAccessor::invoke@23
  0x0000700310fe93fc: 5007 e9ab 

  0x0000700310fe9400: ;   {runtime_call C1 Runtime throw_null_pointer_exception_blob}
  0x0000700310fe9400: f0ff ffe8 

  0x0000700310fe9404: ; ImmutableOopMap {rsi=Oop rdx=Oop rdi=Oop rbx=Oop rax=Oop [168]=Oop [184]=Oop [192]=Oop [200]=Oop [208]=Oop }
                      ;*getfield customized {reexecute=1 rethrow=0 return_oop=0}
                      ; - (reexecute) java.lang.invoke.Invokers::checkCustomized@12
                      ; - java.lang.invoke.LambdaForm$MH/0x000000003e146c00::invokeExact_MT@15
                      ; - jdk.internal.reflect.DirectMethodHandleAccessor::invokeImpl@72
                      ; - jdk.internal.reflect.DirectMethodHandleAccessor::invoke@23
  0x0000700310fe9404: 5807 5007 

  0x0000700310fe9408: ;   {internal_word}
  0x0000700310fe9408: 49ba 5087 | fe10 0370 | 0000 4d89 | 9738 0500 

  0x0000700310fe9418: ;   {runtime_call SafepointBlob}
  0x0000700310fe9418: 00e9 4264 

  0x0000700310fe941c: ;   {runtime_call C1 Runtime throw_null_pointer_exception_blob}
  0x0000700310fe941c: 4307 e83d 

  0x0000700310fe9420: ; ImmutableOopMap {rsi=Oop rcx=Oop rdx=Oop rdi=Oop [168]=Oop [184]=Oop }
                      ;*aaload {reexecute=0 rethrow=0 return_oop=0}
                      ; - jdk.internal.reflect.DirectMethodHandleAccessor::invokeImpl@54
                      ; - jdk.internal.reflect.DirectMethodHandleAccessor::invoke@23
                      ;   {runtime_call C1 Runtime throw_null_pointer_exception_blob}
  0x0000700310fe9420: 0750 07e8 

  0x0000700310fe9424: ; ImmutableOopMap {rsi=Oop rcx=Oop rdx=Oop rdi=Oop [168]=Oop [184]=Oop }
                      ;*aaload {reexecute=0 rethrow=0 return_oop=0}
                      ; - jdk.internal.reflect.DirectMethodHandleAccessor::invokeImpl@54
                      ; - jdk.internal.reflect.DirectMethodHandleAccessor::invoke@23
  0x0000700310fe9424: 3807 5007 | 48c7 0424 | 0000 0000 | 4889 4c24 

  0x0000700310fe9434: ;   {runtime_call C1 Runtime throw_range_check_failed_blob}
  0x0000700310fe9434: 08e8 26fe 

  0x0000700310fe9438: ; ImmutableOopMap {rsi=Oop rcx=Oop rdx=Oop rdi=Oop [168]=Oop [184]=Oop }
                      ;*aaload {reexecute=0 rethrow=0 return_oop=0}
                      ; - jdk.internal.reflect.DirectMethodHandleAccessor::invokeImpl@54
                      ; - jdk.internal.reflect.DirectMethodHandleAccessor::invoke@23
  0x0000700310fe9438: 4f07 49b8 | a8c5 f5c3 | 0000 0000 | b800 0f05 

  0x0000700310fe9448: ;   {runtime_call C1 Runtime load_appendix_patching_blob}
  0x0000700310fe9448: 0ae8 1252 

  0x0000700310fe944c: ; ImmutableOopMap {rsi=Oop rdx=Oop rdi=Oop rcx=Oop [168]=Oop [184]=Oop }
                      ;*invokevirtual invokeExact {reexecute=1 rethrow=0 return_oop=0}
                      ; - (reexecute) jdk.internal.reflect.DirectMethodHandleAccessor::invokeImpl@55
                      ; - jdk.internal.reflect.DirectMethodHandleAccessor::invoke@23
  0x0000700310fe944c: 5007 e92d 

  0x0000700310fe9450: ;   {runtime_call C1 Runtime throw_null_pointer_exception_blob}
  0x0000700310fe9450: f3ff ffe8 

  0x0000700310fe9454: ; ImmutableOopMap {rsi=Oop rdx=Oop rdi=Oop rcx=Oop r8=Oop [168]=Oop [184]=Oop }
                      ;*invokevirtual invokeExact {reexecute=0 rethrow=0 return_oop=0}
                      ; - jdk.internal.reflect.DirectMethodHandleAccessor::invokeImpl@55
                      ; - jdk.internal.reflect.DirectMethodHandleAccessor::invoke@23
  0x0000700310fe9454: 0807 5007 

  0x0000700310fe9458: ;   {internal_word}
  0x0000700310fe9458: 49ba 4789 | fe10 0370 | 0000 4d89 | 9738 0500 

  0x0000700310fe9468: ;   {runtime_call SafepointBlob}
  0x0000700310fe9468: 00e9 f263 

  0x0000700310fe946c: ;   {metadata({method} {0x00007002f03c2260} 'invokeExact_MT' '(Ljava/lang/Object;Ljava/lang/Object;Ljava/lang/Object;)Ljava/lang/Object;' in 'java/lang/invoke/Invokers$Holder')}
  0x0000700310fe946c: 4307 49ba | 6022 3cf0 | 0270 0000 | 4c89 5424 | 0848 c704 | 24ff ffff 

  0x0000700310fe9484: ;   {runtime_call C1 Runtime counter_overflow_blob}
  0x0000700310fe9484: ffe8 d658 

  0x0000700310fe9488: ; ImmutableOopMap {rsi=Oop rdx=Oop rdi=Oop [168]=Oop [184]=Oop [216]=Oop }
                      ;*synchronization entry
                      ; - java.lang.invoke.Invokers$Holder::invokeExact_MT@-1
                      ; - jdk.internal.reflect.DirectMethodHandleAccessor::invokeImpl@41
                      ; - jdk.internal.reflect.DirectMethodHandleAccessor::invoke@23
  0x0000700310fe9488: 5007 e961 

  0x0000700310fe948c: ;   {metadata({method} {0x00007002f036a9d8} 'checkExactType' '(Ljava/lang/invoke/MethodHandle;Ljava/lang/invoke/MethodType;)V' in 'java/lang/invoke/Invokers')}
  0x0000700310fe948c: f5ff ff49 | bad8 a936 | f002 7000 | 004c 8954 | 2408 48c7 | 0424 ffff 

  0x0000700310fe94a4: ;   {runtime_call C1 Runtime counter_overflow_blob}
  0x0000700310fe94a4: ffff e8b5 

  0x0000700310fe94a8: ; ImmutableOopMap {rsi=Oop rdx=Oop rdi=Oop [168]=Oop [184]=Oop [216]=Oop }
                      ;*synchronization entry
                      ; - java.lang.invoke.Invokers::checkExactType@-1
                      ; - java.lang.invoke.Invokers$Holder::invokeExact_MT@10
                      ; - jdk.internal.reflect.DirectMethodHandleAccessor::invokeImpl@41
                      ; - jdk.internal.reflect.DirectMethodHandleAccessor::invoke@23
  0x0000700310fe94a8: 5850 07e9 | 9af5 ffff 

  0x0000700310fe94b0: ;   {runtime_call C1 Runtime throw_null_pointer_exception_blob}
  0x0000700310fe94b0: e8ab 0650 

  0x0000700310fe94b4: ; ImmutableOopMap {rsi=Oop rdx=Oop rdi=Oop [168]=Oop [184]=Oop [216]=Oop }
                      ;*invokevirtual type {reexecute=0 rethrow=0 return_oop=0}
                      ; - java.lang.invoke.Invokers::checkExactType@1
                      ; - java.lang.invoke.Invokers$Holder::invokeExact_MT@10
                      ; - jdk.internal.reflect.DirectMethodHandleAccessor::invokeImpl@41
                      ; - jdk.internal.reflect.DirectMethodHandleAccessor::invoke@23
                      ;   {metadata({method} {0x00007002f036b020} 'checkCustomized' '(Ljava/lang/invoke/MethodHandle;)V' in 'java/lang/invoke/Invokers')}
  0x0000700310fe94b4: 0749 ba20 | b036 f002 | 7000 004c | 8954 2408 | 48c7 0424 | ffff ffff 

  0x0000700310fe94cc: ;   {runtime_call C1 Runtime counter_overflow_blob}
  0x0000700310fe94cc: e88f 5850 

  0x0000700310fe94d0: ; ImmutableOopMap {rsi=Oop rdx=Oop rdi=Oop [168]=Oop [184]=Oop [216]=Oop }
                      ;*synchronization entry
                      ; - java.lang.invoke.Invokers::checkCustomized@-1
                      ; - java.lang.invoke.Invokers$Holder::invokeExact_MT@14
                      ; - jdk.internal.reflect.DirectMethodHandleAccessor::invokeImpl@41
                      ; - jdk.internal.reflect.DirectMethodHandleAccessor::invoke@23
  0x0000700310fe94d0: 07e9 6df6 

  0x0000700310fe94d4: ;   {metadata({method} {0x00007002f008fb80} 'isCompileConstant' '(Ljava/lang/Object;)Z' in 'java/lang/invoke/MethodHandleImpl')}
  0x0000700310fe94d4: ffff 49ba | 80fb 08f0 | 0270 0000 | 4c89 5424 | 0848 c704 | 24ff ffff 

  0x0000700310fe94ec: ;   {runtime_call C1 Runtime counter_overflow_blob}
  0x0000700310fe94ec: ffe8 6e58 

  0x0000700310fe94f0: ; ImmutableOopMap {rsi=Oop rdx=Oop rdi=Oop [168]=Oop [184]=Oop [216]=Oop }
                      ;*synchronization entry
                      ; - java.lang.invoke.MethodHandleImpl::isCompileConstant@-1
                      ; - java.lang.invoke.Invokers::checkCustomized@1
                      ; - java.lang.invoke.Invokers$Holder::invokeExact_MT@14
                      ; - jdk.internal.reflect.DirectMethodHandleAccessor::invokeImpl@41
                      ; - jdk.internal.reflect.DirectMethodHandleAccessor::invoke@23
  0x0000700310fe94f0: 5007 e984 

  0x0000700310fe94f4: ;   {runtime_call C1 Runtime throw_null_pointer_exception_blob}
  0x0000700310fe94f4: f6ff ffe8 

  0x0000700310fe94f8: ; ImmutableOopMap {rsi=Oop rdx=Oop rdi=Oop [168]=Oop [184]=Oop [216]=Oop }
                      ;*getfield customized {reexecute=1 rethrow=0 return_oop=0}
                      ; - (reexecute) java.lang.invoke.Invokers::checkCustomized@12
                      ; - java.lang.invoke.Invokers$Holder::invokeExact_MT@14
                      ; - jdk.internal.reflect.DirectMethodHandleAccessor::invokeImpl@41
                      ; - jdk.internal.reflect.DirectMethodHandleAccessor::invoke@23
  0x0000700310fe94f8: 6406 5007 

  0x0000700310fe94fc: ;   {internal_word}
  0x0000700310fe94fc: 49ba 0c8d | fe10 0370 | 0000 4d89 | 9738 0500 

  0x0000700310fe950c: ;   {runtime_call SafepointBlob}
  0x0000700310fe950c: 00e9 4e63 

  0x0000700310fe9510: ;   {runtime_call C1 Runtime throw_null_pointer_exception_blob}
  0x0000700310fe9510: 4307 e849 

  0x0000700310fe9514: ; ImmutableOopMap {rax=Oop [168]=Oop [184]=Oop [216]=Oop }
                      ;*athrow {reexecute=1 rethrow=0 return_oop=0}
                      ; - (reexecute) java.lang.invoke.Invokers::checkExactType@15
                      ; - java.lang.invoke.Invokers$Holder::invokeExact_MT@10
                      ; - jdk.internal.reflect.DirectMethodHandleAccessor::invokeImpl@41
                      ; - jdk.internal.reflect.DirectMethodHandleAccessor::invoke@23
                      ;   {runtime_call C1 Runtime throw_null_pointer_exception_blob}
  0x0000700310fe9514: 0650 07e8 

  0x0000700310fe9518: ; ImmutableOopMap {rax=Oop [168]=Oop [184]=Oop [192]=Oop [200]=Oop [208]=Oop }
                      ;*athrow {reexecute=1 rethrow=0 return_oop=0}
                      ; - (reexecute) java.lang.invoke.Invokers::checkExactType@15
                      ; - java.lang.invoke.LambdaForm$MH/0x000000003e146c00::invokeExact_MT@11
                      ; - jdk.internal.reflect.DirectMethodHandleAccessor::invokeImpl@72
                      ; - jdk.internal.reflect.DirectMethodHandleAccessor::invoke@23
  0x0000700310fe9518: 4406 5007 

  0x0000700310fe951c: ;   {metadata({method} {0x00007002f04672d0} 'isIllegalArgument' '(Ljava/lang/RuntimeException;)Z' in 'jdk/internal/reflect/DirectMethodHandleAccessor')}
  0x0000700310fe951c: 49ba d072 | 46f0 0270 | 0000 4c89 | 5424 0848 | c704 24ff 

  0x0000700310fe9530: ;   {runtime_call C1 Runtime counter_overflow_blob}
  0x0000700310fe9530: ffff ffe8 

  0x0000700310fe9534: ; ImmutableOopMap {rax=Oop }
                      ;*synchronization entry
                      ; - jdk.internal.reflect.DirectMethodHandleAccessor::isIllegalArgument@-1
                      ; - jdk.internal.reflect.DirectMethodHandleAccessor::invoke@58
  0x0000700310fe9534: 2858 5007 | e9c6 f8ff 

  0x0000700310fe953c: ;   {metadata({method} {0x00007002f04672d0} 'isIllegalArgument' '(Ljava/lang/RuntimeException;)Z' in 'jdk/internal/reflect/DirectMethodHandleAccessor')}
  0x0000700310fe953c: ff49 bad0 | 7246 f002 | 7000 004c | 8954 2408 | 48c7 0424 | ffff ffff 

  0x0000700310fe9554: ;   {runtime_call C1 Runtime counter_overflow_blob}
  0x0000700310fe9554: e807 5850 

  0x0000700310fe9558: ; ImmutableOopMap {rax=Oop }
                      ;*synchronization entry
                      ; - jdk.internal.reflect.DirectMethodHandleAccessor::isIllegalArgument@-1
                      ; - jdk.internal.reflect.DirectMethodHandleAccessor::invoke@30
  0x0000700310fe9558: 07e9 5cf9 

  0x0000700310fe955c: ;   {metadata(nullptr)}
  0x0000700310fe955c: ffff 48ba | 0000 0000 | 0000 0000 | b800 0f05 

  0x0000700310fe956c: ;   {runtime_call C1 Runtime load_klass_patching_blob}
  0x0000700310fe956c: 0ae8 ee48 

  0x0000700310fe9570: ; ImmutableOopMap {}
                      ;*new {reexecute=1 rethrow=0 return_oop=0}
                      ; - (reexecute) jdk.internal.reflect.DirectMethodHandleAccessor::invoke@36
  0x0000700310fe9570: 5007 e999 | f9ff ff48 

  0x0000700310fe9578: ;   {runtime_call C1 Runtime fast_new_instance_blob}
  0x0000700310fe9578: 8bd2 e8e1 

  0x0000700310fe957c: ; ImmutableOopMap {}
                      ;*new {reexecute=0 rethrow=0 return_oop=0}
                      ; - jdk.internal.reflect.DirectMethodHandleAccessor::invoke@36
  0x0000700310fe957c: 0e50 07e9 | d7f9 ffff 

  0x0000700310fe9584: ;   {metadata(nullptr)}
  0x0000700310fe9584: 48ba 0000 | 0000 0000 | 0000 b800 

  0x0000700310fe9590: ;   {runtime_call C1 Runtime load_klass_patching_blob}
  0x0000700310fe9590: 0f05 0ae8 

  0x0000700310fe9594: ; ImmutableOopMap {rbx=Oop }
                      ;*new {reexecute=1 rethrow=0 return_oop=0}
                      ; - (reexecute) jdk.internal.reflect.DirectMethodHandleAccessor::invoke@46
  0x0000700310fe9594: c848 5007 | e913 faff 

  0x0000700310fe959c: ;   {runtime_call C1 Runtime throw_null_pointer_exception_blob}
  0x0000700310fe959c: ffe8 be05 

  0x0000700310fe95a0: ; ImmutableOopMap {rbx=Oop }
                      ;*new {reexecute=0 rethrow=0 return_oop=0}
                      ; - jdk.internal.reflect.DirectMethodHandleAccessor::invoke@46
  0x0000700310fe95a0: 5007 488b 

  0x0000700310fe95a4: ;   {runtime_call C1 Runtime fast_new_instance_init_check_blob}
  0x0000700310fe95a4: d2e8 b611 

  0x0000700310fe95a8: ; ImmutableOopMap {rbx=Oop }
                      ;*new {reexecute=0 rethrow=0 return_oop=0}
                      ; - jdk.internal.reflect.DirectMethodHandleAccessor::invoke@46
  0x0000700310fe95a8: 5007 e959 

  0x0000700310fe95ac: ;   {metadata(nullptr)}
  0x0000700310fe95ac: faff ff48 | ba00 0000 | 0000 0000 | 00b8 000f 

  0x0000700310fe95bc: ;   {runtime_call C1 Runtime load_klass_patching_blob}
  0x0000700310fe95bc: 050a e89d 

  0x0000700310fe95c0: ; ImmutableOopMap {[224]=Oop }
                      ;*new {reexecute=1 rethrow=0 return_oop=0}
                      ; - (reexecute) jdk.internal.reflect.DirectMethodHandleAccessor::invoke@64
  0x0000700310fe95c0: 4850 07e9 | 88fa ffff 

  0x0000700310fe95c8: ;   {runtime_call C1 Runtime fast_new_instance_blob}
  0x0000700310fe95c8: 488b d2e8 

  0x0000700310fe95cc: ; ImmutableOopMap {[224]=Oop }
                      ;*new {reexecute=0 rethrow=0 return_oop=0}
                      ; - jdk.internal.reflect.DirectMethodHandleAccessor::invoke@64
  0x0000700310fe95cc: 900e 5007 | e9c6 faff 

  0x0000700310fe95d4: ;   {metadata(nullptr)}
  0x0000700310fe95d4: ff48 ba00 | 0000 0000 | 0000 00b8 | 000f 050a 

  0x0000700310fe95e4: ;   {runtime_call C1 Runtime load_klass_patching_blob}
  0x0000700310fe95e4: e877 4850 

  0x0000700310fe95e8: ; ImmutableOopMap {rbx=Oop }
                      ;*new {reexecute=1 rethrow=0 return_oop=0}
                      ; - (reexecute) jdk.internal.reflect.DirectMethodHandleAccessor::invoke@73
  0x0000700310fe95e8: 07e9 02fb 

  0x0000700310fe95ec: ;   {runtime_call C1 Runtime throw_null_pointer_exception_blob}
  0x0000700310fe95ec: ffff e86d 

  0x0000700310fe95f0: ; ImmutableOopMap {rbx=Oop }
                      ;*new {reexecute=0 rethrow=0 return_oop=0}
                      ; - jdk.internal.reflect.DirectMethodHandleAccessor::invoke@73
  0x0000700310fe95f0: 0550 0748 

  0x0000700310fe95f4: ;   {runtime_call C1 Runtime fast_new_instance_init_check_blob}
  0x0000700310fe95f4: 8bd2 e865 

  0x0000700310fe95f8: ; ImmutableOopMap {rbx=Oop }
                      ;*new {reexecute=0 rethrow=0 return_oop=0}
                      ; - jdk.internal.reflect.DirectMethodHandleAccessor::invoke@73
  0x0000700310fe95f8: 1150 07e9 | 48fb ffff 

  0x0000700310fe9600: ;   {metadata('java/lang/reflect/InvocationTargetException')}
  0x0000700310fe9600: 48ba a054 | 0d3e 0000 | 0000 b800 

  0x0000700310fe960c: ;   {runtime_call C1 Runtime load_klass_patching_blob}
  0x0000700310fe960c: 0f05 0ae8 

  0x0000700310fe9610: ; ImmutableOopMap {rbx=Oop }
                      ;*new {reexecute=1 rethrow=0 return_oop=0}
                      ; - (reexecute) jdk.internal.reflect.DirectMethodHandleAccessor::invoke@83
  0x0000700310fe9610: 4c48 5007 | e98f fbff 

  0x0000700310fe9618: ;   {runtime_call C1 Runtime throw_null_pointer_exception_blob}
  0x0000700310fe9618: ffe8 4205 

  0x0000700310fe961c: ; ImmutableOopMap {rbx=Oop }
                      ;*new {reexecute=0 rethrow=0 return_oop=0}
                      ; - jdk.internal.reflect.DirectMethodHandleAccessor::invoke@83
  0x0000700310fe961c: 5007 488b 

  0x0000700310fe9620: ;   {runtime_call C1 Runtime fast_new_instance_init_check_blob}
  0x0000700310fe9620: d2e8 3a11 

  0x0000700310fe9624: ; ImmutableOopMap {rbx=Oop }
                      ;*new {reexecute=0 rethrow=0 return_oop=0}
                      ; - jdk.internal.reflect.DirectMethodHandleAccessor::invoke@83
  0x0000700310fe9624: 5007 e9d5 | fbff ff49 | 8b87 e005 | 0000 49c7 | 87e0 0500 | 0000 0000 | 0049 c787 | e805 0000 
  0x0000700310fe9644: 0000 0000 | 4881 c420 | 0100 005d 

  0x0000700310fe9650: ;   {runtime_call C1 Runtime unwind_exception_blob}
  0x0000700310fe9650: e90b f64f | 07f4 f4f4 
[Stub Code]
  0x0000700310fe9658: ;   {other}
  0x0000700310fe9658: 0f1f 4400 

  0x0000700310fe965c: ;   {static_stub}
  0x0000700310fe965c: 0048 bb00 | 0000 0000 

  0x0000700310fe9664: ;   {runtime_call nmethod}
  0x0000700310fe9664: 0000 00e9 | fbff ffff 

  0x0000700310fe966c: ;   {static_stub}
  0x0000700310fe966c: 9048 bbb0 | 8274 f202 

  0x0000700310fe9674: ;   {runtime_call I2C/C2I adapters}
  0x0000700310fe9674: 7000 00e9 | 4a26 4307 

  0x0000700310fe967c: ;   {static_stub}
  0x0000700310fe967c: 9048 bbf0 | 233c f002 

  0x0000700310fe9684: ;   {runtime_call I2C/C2I adapters}
  0x0000700310fe9684: 7000 00e9 | 3296 4207 

  0x0000700310fe968c: ;   {static_stub}
  0x0000700310fe968c: 9048 bb00 | 0000 0000 

  0x0000700310fe9694: ;   {runtime_call nmethod}
  0x0000700310fe9694: 0000 00e9 | fbff ffff 

  0x0000700310fe969c: ;   {static_stub}
  0x0000700310fe969c: 9048 bb00 | 0000 0000 

  0x0000700310fe96a4: ;   {runtime_call nmethod}
  0x0000700310fe96a4: 0000 00e9 | fbff ffff 

  0x0000700310fe96ac: ;   {static_stub}
  0x0000700310fe96ac: 9048 bb00 | 0000 0000 

  0x0000700310fe96b4: ;   {runtime_call nmethod}
  0x0000700310fe96b4: 0000 00e9 | fbff ffff 

  0x0000700310fe96bc: ;   {static_stub}
  0x0000700310fe96bc: 9048 bb00 | 0000 0000 

  0x0000700310fe96c4: ;   {runtime_call nmethod}
  0x0000700310fe96c4: 0000 00e9 | fbff ffff 

  0x0000700310fe96cc: ;   {static_stub}
  0x0000700310fe96cc: 9048 bb38 | 5452 f002 

  0x0000700310fe96d4: ;   {runtime_call I2C/C2I adapters}
  0x0000700310fe96d4: 7000 00e9 | 5ab3 4307 

  0x0000700310fe96dc: ;   {static_stub}
  0x0000700310fe96dc: 48bb 0000 | 0000 0000 

  0x0000700310fe96e4: ;   {runtime_call nmethod}
  0x0000700310fe96e4: 0000 e9fb 

  0x0000700310fe96e8: ;   {static_stub}
  0x0000700310fe96e8: ffff ff48 | bb00 0000 | 0000 0000 

  0x0000700310fe96f4: ;   {runtime_call nmethod}
  0x0000700310fe96f4: 00e9 fbff 

  0x0000700310fe96f8: ;   {static_stub}
  0x0000700310fe96f8: ffff 48bb | 0000 0000 | 0000 0000 

  0x0000700310fe9704: ;   {runtime_call nmethod}
  0x0000700310fe9704: e9fb ffff 

  0x0000700310fe9708: ;   {static_stub}
  0x0000700310fe9708: ff48 bb00 | 0000 0000 

  0x0000700310fe9710: ;   {runtime_call nmethod}
  0x0000700310fe9710: 0000 00e9 | fbff ffff 

  0x0000700310fe9718: ;   {static_stub}
  0x0000700310fe9718: 48bb 0000 | 0000 0000 

  0x0000700310fe9720: ;   {runtime_call nmethod}
  0x0000700310fe9720: 0000 e9fb 

  0x0000700310fe9724: ;   {static_stub}
  0x0000700310fe9724: ffff ff48 | bb00 0000 | 0000 0000 

  0x0000700310fe9730: ;   {runtime_call nmethod}
  0x0000700310fe9730: 00e9 fbff 

  0x0000700310fe9734: ;   {static_stub}
  0x0000700310fe9734: ffff 48bb | 0000 0000 | 0000 0000 

  0x0000700310fe9740: ;   {runtime_call nmethod}
  0x0000700310fe9740: e9fb ffff 

  0x0000700310fe9744: ;   {static_stub}
  0x0000700310fe9744: ff48 bb00 | 0000 0000 

  0x0000700310fe974c: ;   {runtime_call nmethod}
  0x0000700310fe974c: 0000 00e9 | fbff ffff 
[Exception Handler]
  0x0000700310fe9754: ;   {runtime_call C1 Runtime handle_exception_from_callee_blob}
  0x0000700310fe9754: e807 2250 

  0x0000700310fe9758: ;   {external_word}
  0x0000700310fe9758: 0748 bf3c | 77d6 2c03 | 7000 0048 

  0x0000700310fe9764: ;   {runtime_call MacroAssembler::debug64(char*, long, long*)}
  0x0000700310fe9764: 83e4 f0e8 | 540e 751b 

  0x0000700310fe976c: ;   {section_word}
  0x0000700310fe976c: f449 ba6d | 97fe 1003 | 7000 0041 

  0x0000700310fe9778: ;   {runtime_call DeoptimizationBlob}
  0x0000700310fe9778: 52e9 e263 

  0x0000700310fe977c: ;   {section_word}
  0x0000700310fe977c: 4307 49ba | 7e97 fe10 | 0370 0000 

  0x0000700310fe9788: ;   {runtime_call DeoptimizationBlob}
  0x0000700310fe9788: 4152 e9d1 | 6343 07f4 
[/MachCode]


Compiled method (c1) 17943 1096       3       java.lang.reflect.Method::invoke (108 bytes)
 total in heap  [0x0000700310fe5288,0x0000700310fe5a78] = 2032
 main code      [0x0000700310fe5380,0x0000700310fe59e8] = 1640
 stub code      [0x0000700310fe59e8,0x0000700310fe5a78] = 144
 mutable data [0x00007002d4718d50,0x00007002d4718e28] = 216
 relocation     [0x00007002d4718d50,0x00007002d4718e10] = 192
 metadata       [0x00007002d4718e10,0x00007002d4718e28] = 24
 immutable data [0x00007002d4718b90,0x00007002d4718d48] = 440
 dependencies   [0x00007002d4718b90,0x00007002d4718b98] = 8
 nul chk table  [0x00007002d4718b98,0x00007002d4718bb8] = 32
 scopes pcs     [0x00007002d4718bb8,0x00007002d4718c88] = 208
 scopes data    [0x00007002d4718c88,0x00007002d4718d48] = 192

[Constant Pool (empty)]

[MachCode]
[Instructions begin]
  0x0000700310fe5380: 6666 660f | 1f84 0000 | 0000 0066 | 6666 9066 | 6690 448b | 5608 443b 

  0x0000700310fe5398: ;   {runtime_call Shared Runtime ic_miss_blob}
  0x0000700310fe5398: 5008 0f85 | 4080 4307 
[Verified Entry Point]
  0x0000700310fe53a0: 8984 2400 | c0fe ff55 | 4881 ec80 | 0000 0090 | 4181 7f20 | 0700 0000 

  0x0000700310fe53b8: ;   {runtime_call Stub::method_entry_barrier}
  0x0000700310fe53b8: 7405 e861 | fb41 0748 | 8974 2448 | 4889 5424 

  0x0000700310fe53c8: ;   {metadata(method data for {method} {0x00007002f0066808} 'invoke' '(Ljava/lang/Object;[Ljava/lang/Object;)Ljava/lang/Object;' in 'java/lang/reflect/Method')}
  0x0000700310fe53c8: 5048 bf78 | f8d1 f002 | 7000 008b | 9f90 0000 | 0083 c302 | 899f 9000 | 0000 81e3 | fe07 0000 
  0x0000700310fe53e8: 85db 0f84 | 4f05 0000 | 4889 4c24 | 5848 8bfe 

  0x0000700310fe53f8: ;   {metadata(method data for {method} {0x00007002f0066808} 'invoke' '(Ljava/lang/Object;[Ljava/lang/Object;)Ljava/lang/Object;' in 'java/lang/reflect/Method')}
  0x0000700310fe53f8: 48bb 78f8 | d1f0 0270 | 0000 4883 | 83d8 0000 | 0001 488b | fe48 8bf7 | 0f1f 8000 

  0x0000700310fe5414: ;   {optimized virtual_call}
  0x0000700310fe5414: 0000 00e8 

  0x0000700310fe5418: ; ImmutableOopMap {[72]=Oop [80]=Oop [88]=Oop }
                      ;*invokevirtual isCallerSensitive {reexecute=0 rethrow=0 return_oop=0}
                      ; - java.lang.reflect.Method::invoke@1
  0x0000700310fe5418: 84f1 ffff 

  0x0000700310fe541c: ;   {post_call_nop}
  0x0000700310fe541c: 0f1f 8400 | 9401 0000 | 488b 7424 | 480f be7e 

  0x0000700310fe542c: ;   {metadata(method data for {method} {0x00007002f0066808} 'invoke' '(Ljava/lang/Object;[Ljava/lang/Object;)Ljava/lang/Object;' in 'java/lang/reflect/Method')}
  0x0000700310fe542c: 0c85 ff48 | bf78 f8d1 | f002 7000 | 00bb 0801 | 0000 7405 | bb18 0100 | 0048 8b14 | 1f48 8d52 
  0x0000700310fe544c: 0148 8914 | 1f0f 843d | 0000 0085 

  0x0000700310fe5458: ;   {metadata(method data for {method} {0x00007002f0066808} 'invoke' '(Ljava/lang/Object;[Ljava/lang/Object;)Ljava/lang/Object;' in 'java/lang/reflect/Method')}
  0x0000700310fe5458: c048 bf78 | f8d1 f002 | 7000 00bb | 3801 0000 | 7505 bb28 | 0100 0048 | 8b14 1f48 | 8d52 0148 
  0x0000700310fe5478: 8914 1f0f | 8513 0000 

  0x0000700310fe5480: ;   {oop(nullptr)}
  0x0000700310fe5480: 0048 bf00 | 0000 0000 | 0000 0089 | 4424 60e9 | 3000 0000 | 8944 2460 

  0x0000700310fe5498: ;   {metadata(method data for {method} {0x00007002f0066808} 'invoke' '(Ljava/lang/Object;[Ljava/lang/Object;)Ljava/lang/Object;' in 'java/lang/reflect/Method')}
  0x0000700310fe5498: 48bf 78f8 | d1f0 0270 | 0000 4883 | 8748 0100 | 0001 0f1f 

  0x0000700310fe54ac: ;   {static_call}
  0x0000700310fe54ac: 4400 00e8 

  0x0000700310fe54b0: ; ImmutableOopMap {[72]=Oop [80]=Oop [88]=Oop }
                      ;*invokestatic getCallerClass {reexecute=0 rethrow=0 return_oop=0}
                      ; - java.lang.reflect.Method::invoke@19
  0x0000700310fe54b0: 5ca9 9b07 

  0x0000700310fe54b4: ;   {post_call_nop}
  0x0000700310fe54b4: 0f1f 8400 | 2c02 0001 | 488b f848 | 8b74 2448 | 0fbe 560c 

  0x0000700310fe54c8: ;   {metadata(method data for {method} {0x00007002f0066808} 'invoke' '(Ljava/lang/Object;[Ljava/lang/Object;)Ljava/lang/Object;' in 'java/lang/reflect/Method')}
  0x0000700310fe54c8: 85d2 48ba | 78f8 d1f0 | 0270 0000 | b968 0100 | 0074 05b9 | 5801 0000 | 4c8b 040a | 4d8d 4001 
  0x0000700310fe54e8: 4c89 040a | 0f84 0a00 | 0000 4889 | 7c24 68e9 | 2502 0000 | 8b4e 1c44 

  0x0000700310fe5500: ;   {metadata(method data for {method} {0x00007002f0066808} 'invoke' '(Ljava/lang/Object;[Ljava/lang/Object;)Ljava/lang/Object;' in 'java/lang/reflect/Method')}
  0x0000700310fe5500: 8b4e 5048 | ba78 f8d1 | f002 7000 | 0048 8382 | 7801 0000 

  0x0000700310fe5514: ;   {metadata(method data for {method} {0x00007002f0270238} 'isStatic' '(I)Z' in 'java/lang/reflect/Modifier')}
  0x0000700310fe5514: 0148 ba70 | 8fa7 f002 | 7000 0044 | 8b82 9000 | 0000 4183 | c002 4489 | 8290 0000 | 0041 81e0 
  0x0000700310fe5534: feff 1f00 | 4585 c00f | 841f 0400 | 0049 8bd1 | 83e2 0885 

  0x0000700310fe5548: ;   {metadata(method data for {method} {0x00007002f0270238} 'isStatic' '(I)Z' in 'java/lang/reflect/Modifier')}
  0x0000700310fe5548: d248 ba70 | 8fa7 f002 | 7000 0041 | b8d8 0000 | 0074 0641 | b8e8 0000 | 004a 8b1c | 0248 8d5b 
  0x0000700310fe5568: 014a 891c | 020f 841a 

  0x0000700310fe5570: ;   {metadata(method data for {method} {0x00007002f0270238} 'isStatic' '(I)Z' in 'java/lang/reflect/Modifier')}
  0x0000700310fe5570: 0000 0048 | ba70 8fa7 | f002 7000 | 00ff 82f8 | 0000 00ba | 0100 0000 | e905 0000 | 00ba 0000 
  0x0000700310fe5590: 0000 83e2 

  0x0000700310fe5594: ;   {metadata(method data for {method} {0x00007002f0066808} 'invoke' '(Ljava/lang/Object;[Ljava/lang/Object;)Ljava/lang/Object;' in 'java/lang/reflect/Method')}
  0x0000700310fe5594: 0185 d248 | ba78 f8d1 | f002 7000 | 0041 b888 | 0100 0074 | 0641 b898 | 0100 004a | 8b1c 0248 
  0x0000700310fe55b4: 8d5b 014a | 891c 020f | 841f 0000 

  0x0000700310fe55c0: ;   {metadata(method data for {method} {0x00007002f0066808} 'invoke' '(Ljava/lang/Object;[Ljava/lang/Object;)Ljava/lang/Object;' in 'java/lang/reflect/Method')}
  0x0000700310fe55c0: 0048 ba78 | f8d1 f002 | 7000 00ff | 82a8 0100 

  0x0000700310fe55d0: ;   {oop(nullptr)}
  0x0000700310fe55d0: 0049 b800 | 0000 0000 | 0000 00e9 | 9a00 0000 | 488b 5424 | 5048 3b02 

  0x0000700310fe55e8: ;   {metadata(method data for {method} {0x00007002f0066808} 'invoke' '(Ljava/lang/Object;[Ljava/lang/Object;)Ljava/lang/Object;' in 'java/lang/reflect/Method')}
  0x0000700310fe55e8: 4c8b c248 | bb78 f8d1 | f002 7000 | 0045 8b40 | 084c 3b83 | c801 0000 | 750d 4883 | 83d0 0100 
  0x0000700310fe5608: 0001 e960 | 0000 004c | 3b83 d801 | 0000 750d | 4883 83e0 | 0100 0001 | e94a 0000 | 0048 83bb 
  0x0000700310fe5628: c801 0000 | 0075 174c | 8983 c801 | 0000 48c7 | 83d0 0100 | 0001 0000 | 00e9 2900 | 0000 4883 
  0x0000700310fe5648: bbd8 0100 | 0000 7517 | 4c89 83d8 | 0100 0048 | c783 e001 | 0000 0100 | 0000 e908 | 0000 0048 
  0x0000700310fe5668: 8383 c001 | 0000 0144 | 8b42 084d | 8b40 704d | 8b00 488b 

  0x0000700310fe567c: ;   {metadata(method data for {method} {0x00007002f0066808} 'invoke' '(Ljava/lang/Object;[Ljava/lang/Object;)Ljava/lang/Object;' in 'java/lang/reflect/Method')}
  0x0000700310fe567c: de48 b878 | f8d1 f002 | 7000 008b | 5b08 483b | 98f8 0100 | 0075 0d48 | 8380 0002 | 0000 01e9 
  0x0000700310fe569c: 6000 0000 | 483b 9808 | 0200 0075 | 0d48 8380 | 1002 0000 | 01e9 4a00 | 0000 4883 | b8f8 0100 
  0x0000700310fe56bc: 0000 7517 | 4889 98f8 | 0100 0048 | c780 0002 | 0000 0100 | 0000 e929 | 0000 0048 | 83b8 0802 
  0x0000700310fe56dc: 0000 0075 | 1748 8998 | 0802 0000 | 48c7 8010 | 0200 0001 | 0000 00e9 | 0800 0000 | 4883 80f0 
  0x0000700310fe56fc: 0100 0001 | 488b d748 | 8bc6 488b | f048 897c 

  0x0000700310fe570c: ;   {optimized virtual_call}
  0x0000700310fe570c: 2468 90e8 

  0x0000700310fe5710: ; ImmutableOopMap {[72]=Oop [80]=Oop [88]=Oop [104]=Oop }
                      ;*invokevirtual checkAccess {reexecute=0 rethrow=0 return_oop=0}
                      ; - java.lang.reflect.Method::invoke@60
  0x0000700310fe5710: 0ce3 ffff 

  0x0000700310fe5714: ;   {post_call_nop}
  0x0000700310fe5714: 0f1f 8400 | 8c04 0002 | 488b 7424 | 488b 7e48 

  0x0000700310fe5724: ;   {metadata(method data for {method} {0x00007002f0066808} 'invoke' '(Ljava/lang/Object;[Ljava/lang/Object;)Ljava/lang/Object;' in 'java/lang/reflect/Method')}
  0x0000700310fe5724: 4885 ff48 | bb78 f8d1 | f002 7000 | 00b8 2002 | 0000 7505 | b830 0200 | 0048 8b14 | 0348 8d52 
  0x0000700310fe5744: 0148 8914 | 030f 8528 | 0000 0048 

  0x0000700310fe5750: ;   {metadata(method data for {method} {0x00007002f0066808} 'invoke' '(Ljava/lang/Object;[Ljava/lang/Object;)Ljava/lang/Object;' in 'java/lang/reflect/Method')}
  0x0000700310fe5750: 8bfe 48bb | 78f8 d1f0 | 0270 0000 | 4883 8340 | 0200 0001 

  0x0000700310fe5764: ;   {optimized virtual_call}
  0x0000700310fe5764: 6666 90e8 

  0x0000700310fe5768: ; ImmutableOopMap {[80]=Oop [88]=Oop [104]=Oop }
                      ;*invokevirtual acquireMethodAccessor {reexecute=0 rethrow=0 return_oop=0}
                      ; - java.lang.reflect.Method::invoke@75
  0x0000700310fe5768: cd02 0000 

  0x0000700310fe576c: ;   {post_call_nop}
  0x0000700310fe576c: 0f1f 8400 | e404 0003 | 488b f88b | 4424 6085 

  0x0000700310fe577c: ;   {metadata(method data for {method} {0x00007002f0066808} 'invoke' '(Ljava/lang/Object;[Ljava/lang/Object;)Ljava/lang/Object;' in 'java/lang/reflect/Method')}
  0x0000700310fe577c: c048 ba78 | f8d1 f002 | 7000 00b9 | 7002 0000 | 7405 b980 | 0200 004c | 8b04 0a4d | 8d40 014c 
  0x0000700310fe579c: 8904 0a0f | 84da 0000 | 004c 8b44 | 2468 483b | 0748 8bd7 

  0x0000700310fe57b0: ;   {metadata(method data for {method} {0x00007002f0066808} 'invoke' '(Ljava/lang/Object;[Ljava/lang/Object;)Ljava/lang/Object;' in 'java/lang/reflect/Method')}
  0x0000700310fe57b0: 48b9 78f8 | d1f0 0270 | 0000 8b52 | 0848 3b91 | 9802 0000 | 750d 4883 | 81a0 0200 | 0001 e960 
  0x0000700310fe57d0: 0000 0048 | 3b91 a802 | 0000 750d | 4883 81b0 | 0200 0001 | e94a 0000 | 0048 83b9 | 9802 0000 
  0x0000700310fe57f0: 0075 1748 | 8991 9802 | 0000 48c7 | 81a0 0200 | 0001 0000 | 00e9 2900 | 0000 4883 | b9a8 0200 
  0x0000700310fe5810: 0000 7517 | 4889 91a8 | 0200 0048 | c781 b002 | 0000 0100 | 0000 e908 | 0000 0048 | 8381 9002 
  0x0000700310fe5830: 0000 0148 | 8b54 2450 | 488b 4c24 | 5848 8bf7 | 0f1f 4400 | 0048 b8b0 | 8f71 d402 

  0x0000700310fe584c: ;   {virtual_call}
  0x0000700310fe584c: 7000 00e8 

  0x0000700310fe5850: ; ImmutableOopMap {}
                      ;*invokeinterface invoke {reexecute=0 rethrow=0 return_oop=0}
                      ; - java.lang.reflect.Method::invoke@90
  0x0000700310fe5850: 8c81 4307 

  0x0000700310fe5854: ;   {post_call_nop}
  0x0000700310fe5854: 0f1f 8400 | cc05 0004 

  0x0000700310fe585c: ;   {metadata(method data for {method} {0x00007002f0066808} 'invoke' '(Ljava/lang/Object;[Ljava/lang/Object;)Ljava/lang/Object;' in 'java/lang/reflect/Method')}
  0x0000700310fe585c: 48ba 78f8 | d1f0 0270 | 0000 ff82 | c002 0000 | 4881 c480 | 0000 005d 

  0x0000700310fe5874: ;   {poll_return}
  0x0000700310fe5874: 493b 6728 | 0f87 0d01 | 0000 c348 | 8b4c 2458 | 488b 5424 | 5048 3b07 

  0x0000700310fe588c: ;   {metadata(method data for {method} {0x00007002f0066808} 'invoke' '(Ljava/lang/Object;[Ljava/lang/Object;)Ljava/lang/Object;' in 'java/lang/reflect/Method')}
  0x0000700310fe588c: 488b f748 | bb78 f8d1 | f002 7000 | 008b 7608 | 483b b3e0 | 0200 0075 | 0d48 8383 | e802 0000 
  0x0000700310fe58ac: 01e9 6000 | 0000 483b | b3f0 0200 | 0075 0d48 | 8383 f802 | 0000 01e9 | 4a00 0000 | 4883 bbe0 
  0x0000700310fe58cc: 0200 0000 | 7517 4889 | b3e0 0200 | 0048 c783 | e802 0000 | 0100 0000 | e929 0000 | 0048 83bb 
  0x0000700310fe58ec: f002 0000 | 0075 1748 | 89b3 f002 | 0000 48c7 | 83f8 0200 | 0001 0000 | 00e9 0800 | 0000 4883 
  0x0000700310fe590c: 83d8 0200 | 0001 488b | f748 b8d8 | 8f71 d402 

  0x0000700310fe591c: ;   {virtual_call}
  0x0000700310fe591c: 7000 00e8 

  0x0000700310fe5920: ; ImmutableOopMap {}
                      ;*invokeinterface invoke {reexecute=0 rethrow=0 return_oop=0}
                      ; - java.lang.reflect.Method::invoke@102
  0x0000700310fe5920: 6e21 0000 

  0x0000700310fe5924: ;   {post_call_nop}
  0x0000700310fe5924: 0f1f 8400 | 9c06 0005 | 4881 c480 | 0000 005d 

  0x0000700310fe5934: ;   {poll_return}
  0x0000700310fe5934: 493b 6728 | 0f87 6800 

  0x0000700310fe593c: ;   {metadata({method} {0x00007002f0066808} 'invoke' '(Ljava/lang/Object;[Ljava/lang/Object;)Ljava/lang/Object;' in 'java/lang/reflect/Method')}
  0x0000700310fe593c: 0000 c349 | ba08 6806 | f002 7000 | 004c 8954 | 2408 48c7 | 0424 ffff 

  0x0000700310fe5954: ;   {runtime_call C1 Runtime counter_overflow_blob}
  0x0000700310fe5954: ffff e805 

  0x0000700310fe5958: ; ImmutableOopMap {rsi=Oop rdx=Oop rcx=Oop [72]=Oop [80]=Oop }
                      ;*synchronization entry
                      ; - java.lang.reflect.Method::invoke@-1
  0x0000700310fe5958: 9450 07e9 | 90fa ffff 

  0x0000700310fe5960: ;   {metadata({method} {0x00007002f0270238} 'isStatic' '(I)Z' in 'java/lang/reflect/Modifier')}
  0x0000700310fe5960: 49ba 3802 | 27f0 0270 | 0000 4c89 | 5424 0848 | c704 24ff 

  0x0000700310fe5974: ;   {runtime_call C1 Runtime counter_overflow_blob}
  0x0000700310fe5974: ffff ffe8 

  0x0000700310fe5978: ; ImmutableOopMap {rdi=Oop rsi=Oop rcx=Oop [72]=Oop [80]=Oop [88]=Oop }
                      ;*synchronization entry
                      ; - java.lang.reflect.Modifier::isStatic@-1
                      ; - java.lang.reflect.Method::invoke@42
  0x0000700310fe5978: e493 5007 | e9c0 fbff 

  0x0000700310fe5980: ;   {runtime_call C1 Runtime throw_null_pointer_exception_blob}
  0x0000700310fe5980: ffe8 da41 

  0x0000700310fe5984: ; ImmutableOopMap {rdi=Oop rsi=Oop rcx=Oop rdx=Oop [72]=Oop [80]=Oop [88]=Oop }
                      ;*invokevirtual getClass {reexecute=0 rethrow=0 return_oop=0}
                      ; - java.lang.reflect.Method::invoke@53
                      ;   {runtime_call C1 Runtime throw_null_pointer_exception_blob}
  0x0000700310fe5984: 5007 e8d5 

  0x0000700310fe5988: ; ImmutableOopMap {rdi=Oop r8=Oop [80]=Oop [88]=Oop }
                      ;*invokeinterface invoke {reexecute=0 rethrow=0 return_oop=0}
                      ; - java.lang.reflect.Method::invoke@90
                      ;   {internal_word}
  0x0000700310fe5988: 4150 0749 | ba74 58fe | 1003 7000 | 004d 8997 | 3805 0000 

  0x0000700310fe599c: ;   {runtime_call SafepointBlob}
  0x0000700310fe599c: e9bf 9e43 

  0x0000700310fe59a0: ;   {runtime_call C1 Runtime throw_null_pointer_exception_blob}
  0x0000700310fe59a0: 07e8 ba41 

  0x0000700310fe59a4: ; ImmutableOopMap {rdx=Oop rcx=Oop rdi=Oop [80]=Oop }
                      ;*invokeinterface invoke {reexecute=0 rethrow=0 return_oop=0}
                      ; - java.lang.reflect.Method::invoke@102
                      ;   {internal_word}
  0x0000700310fe59a4: 5007 49ba | 3459 fe10 | 0370 0000 | 4d89 9738 

  0x0000700310fe59b4: ;   {runtime_call SafepointBlob}
  0x0000700310fe59b4: 0500 00e9 | a49e 4307 | 498b 87e0 | 0500 0049 | c787 e005 | 0000 0000 | 0000 49c7 | 87e8 0500 
  0x0000700310fe59d4: 0000 0000 | 0048 81c4 | 8000 0000 

  0x0000700310fe59e0: ;   {runtime_call C1 Runtime unwind_exception_blob}
  0x0000700310fe59e0: 5de9 7a32 | 5007 f4f4 
[Stub Code]
  0x0000700310fe59e8: ;   {other}
  0x0000700310fe59e8: 0f1f 4400 

  0x0000700310fe59ec: ;   {static_stub}
  0x0000700310fe59ec: 0048 bb00 | 0000 0000 

  0x0000700310fe59f4: ;   {runtime_call nmethod}
  0x0000700310fe59f4: 0000 00e9 | fbff ffff 

  0x0000700310fe59fc: ;   {static_stub}
  0x0000700310fe59fc: 9048 bb00 | 0000 0000 

  0x0000700310fe5a04: ;   {runtime_call nmethod}
  0x0000700310fe5a04: 0000 00e9 | fbff ffff 

  0x0000700310fe5a0c: ;   {static_stub}
  0x0000700310fe5a0c: 48bb 0000 | 0000 0000 

  0x0000700310fe5a14: ;   {runtime_call nmethod}
  0x0000700310fe5a14: 0000 e9fb 

  0x0000700310fe5a18: ;   {static_stub}
  0x0000700310fe5a18: ffff ff48 | bb00 0000 | 0000 0000 

  0x0000700310fe5a24: ;   {runtime_call nmethod}
  0x0000700310fe5a24: 00e9 fbff 

  0x0000700310fe5a28: ;   {static_stub}
  0x0000700310fe5a28: ffff 48bb | 0000 0000 | 0000 0000 

  0x0000700310fe5a34: ;   {runtime_call nmethod}
  0x0000700310fe5a34: e9fb ffff 

  0x0000700310fe5a38: ;   {static_stub}
  0x0000700310fe5a38: ff48 bb20 | 6e06 f002 

  0x0000700310fe5a40: ;   {runtime_call I2C/C2I adapters}
  0x0000700310fe5a40: 7000 00e9 | ea91 4307 
[Exception Handler]
  0x0000700310fe5a48: ;   {runtime_call C1 Runtime handle_exception_from_callee_blob}
  0x0000700310fe5a48: e813 5f50 

  0x0000700310fe5a4c: ;   {external_word}
  0x0000700310fe5a4c: 0748 bf3c | 77d6 2c03 | 7000 0048 

  0x0000700310fe5a58: ;   {runtime_call MacroAssembler::debug64(char*, long, long*)}
  0x0000700310fe5a58: 83e4 f0e8 | 604b 751b 

  0x0000700310fe5a60: ;   {section_word}
  0x0000700310fe5a60: f449 ba61 | 5afe 1003 | 7000 0041 

  0x0000700310fe5a6c: ;   {runtime_call DeoptimizationBlob}
  0x0000700310fe5a6c: 52e9 eea0 | 4307 f4f4 | f4f4 f4f4 
[/MachCode]


Compiled method (c1) 17957  449       3       java.lang.invoke.DirectMethodHandle$Holder::invokeStatic (15 bytes)
 total in heap  [0x0000700310f15b08,0x0000700310f160c0] = 1464
 main code      [0x0000700310f15c00,0x0000700310f16070] = 1136
 stub code      [0x0000700310f16070,0x0000700310f160c0] = 80
 mutable data [0x00007002d40e2220,0x00007002d40e2290] = 112
 relocation     [0x00007002d40e2220,0x00007002d40e2280] = 96
 metadata       [0x00007002d40e2280,0x00007002d40e2290] = 16
 immutable data [0x00007002d40e2140,0x00007002d40e2210] = 208
 dependencies   [0x00007002d40e2140,0x00007002d40e2148] = 8
 nul chk table  [0x00007002d40e2148,0x00007002d40e2158] = 16
 scopes pcs     [0x00007002d40e2158,0x00007002d40e21c8] = 112
 scopes data    [0x00007002d40e21c8,0x00007002d40e2210] = 72

[Constant Pool (empty)]

[MachCode]
[Verified Entry Point]
  # {method} {0x00007002f0357a38} 'invokeStatic' '(Ljava/lang/Object;Ljava/lang/Object;Ljava/lang/Object;)Ljava/lang/Object;' in 'java/lang/invoke/DirectMethodHandle$Holder'
  # parm0:    rsi:rsi   = 'java/lang/Object'
  # parm1:    rdx:rdx   = 'java/lang/Object'
  # parm2:    rcx:rcx   = 'java/lang/Object'
  #           [sp+0x50]  (sp of caller)
  0x0000700310f15c00: 8984 2400 | c0fe ff55 | 4883 ec40 | 4181 7f20 | 0700 0000 

  0x0000700310f15c14: ;   {runtime_call Stub::method_entry_barrier}
  0x0000700310f15c14: 7405 e805 

  0x0000700310f15c18: ;   {metadata(method data for {method} {0x00007002f0357a38} 'invokeStatic' '(Ljava/lang/Object;Ljava/lang/Object;Ljava/lang/Object;)Ljava/lang/Object;' in 'java/lang/invoke/DirectMethodHandle$Holder')}
  0x0000700310f15c18: f34e 0748 | bf90 6888 | f002 7000 | 0048 8dbf | e001 0000 | 4885 f675 | 0cf6 0701 | 753f f048 
  0x0000700310f15c38: 830f 01eb | 388b 5e08 | 4c8b d348 | 331f 48f7 | c3fc ffff | ff74 26f6 | c302 7521 | 48f7 07fe 
  0x0000700310f15c58: ffff ff74 | 1549 8bda | 4833 1f48 | f7c3 fcff | ffff 7409 | 4883 0f02 | eb03 4889 | 1f48 85d2 
  0x0000700310f15c78: 750e f647 | 1001 7545 | f048 834f | 1001 eb3d | 8b5a 084c | 8bd3 4833 | 5f10 48f7 | c3fc ffff 
  0x0000700310f15c98: ff74 2af6 | c302 7525 | 48f7 4710 | feff ffff | 7417 498b | da48 335f | 1048 f7c3 | fcff ffff 
  0x0000700310f15cb8: 740b 4883 | 4f10 02eb | 0448 895f 

  0x0000700310f15cc4: ;   {metadata(method data for {method} {0x00007002f0357a38} 'invokeStatic' '(Ljava/lang/Object;Ljava/lang/Object;Ljava/lang/Object;)Ljava/lang/Object;' in 'java/lang/invoke/DirectMethodHandle$Holder')}
  0x0000700310f15cc4: 1048 bf90 | 6888 f002 | 7000 008b | 9f90 0000 | 0083 c302 | 899f 9000 | 0000 81e3 | fe07 0000 
  0x0000700310f15ce4: 85db 0f84 | f302 0000 

  0x0000700310f15cec: ;   {metadata(method data for {method} {0x00007002f0357a38} 'invokeStatic' '(Ljava/lang/Object;Ljava/lang/Object;Ljava/lang/Object;)Ljava/lang/Object;' in 'java/lang/invoke/DirectMethodHandle$Holder')}
  0x0000700310f15cec: 48bf 9068 | 88f0 0270 | 0000 488d | bfe8 0000 | 0048 85f6 | 750e f647 | 0801 7545 | f048 834f 
  0x0000700310f15d0c: 0801 eb3d | 8b5e 084c | 8bd3 4833 | 5f08 48f7 | c3fc ffff | ff74 2af6 | c302 7525 | 48f7 4708 
  0x0000700310f15d2c: feff ffff | 7417 498b | da48 335f | 0848 f7c3 | fcff ffff | 740b 4883 | 4f08 02eb | 0448 895f 
  0x0000700310f15d4c: ;   {metadata(method data for {method} {0x00007002f0357a38} 'invokeStatic' '(Ljava/lang/Object;Ljava/lang/Object;Ljava/lang/Object;)Ljava/lang/Object;' in 'java/lang/invoke/DirectMethodHandle$Holder')}
  0x0000700310f15d4c: 0848 bf90 | 6888 f002 | 7000 0048 | 8387 d800 

  0x0000700310f15d5c: ;   {metadata(method data for {method} {0x00007002f0079a70} 'internalMemberName' '(Ljava/lang/Object;)Ljava/lang/Object;' in 'java/lang/invoke/DirectMethodHandle')}
  0x0000700310f15d5c: 0000 0148 | bfb8 fe0b | 3e00 0000 | 008b 9f90 | 0000 0083 | c302 899f | 9000 0000 | 81e3 feff 
  0x0000700310f15d7c: 1f00 85db | 0f84 7a02 | 0000 4885 

  0x0000700310f15d88: ;   {metadata(method data for {method} {0x00007002f0079a70} 'internalMemberName' '(Ljava/lang/Object;)Ljava/lang/Object;' in 'java/lang/invoke/DirectMethodHandle')}
  0x0000700310f15d88: f648 bbb8 | fe0b 3e00 | 0000 0075 | 0c80 8bd1 | 0000 0001 | e995 0000 | 008b 4608 | 483b 83e0 
  0x0000700310f15da8: 0000 0075 | 0d48 8383 | e800 0000 | 01e9 6000 | 0000 483b | 83f0 0000 | 0075 0d48 | 8383 f800 
  0x0000700310f15dc8: 0000 01e9 | 4a00 0000 | 4883 bbe0 | 0000 0000 | 7517 4889 | 83e0 0000 | 0048 c783 | e800 0000 
  0x0000700310f15de8: 0100 0000 | e929 0000 | 0048 83bb | f000 0000 | 0075 1748 | 8983 f000 | 0000 48c7 | 83f8 0000 
  0x0000700310f15e08: 0001 0000 | 00e9 0800 | 0000 4883 | 83d8 0000 

  0x0000700310f15e18: ;   {metadata('java/lang/invoke/DirectMethodHandle')}
  0x0000700310f15e18: 0001 48b8 | 50cb 003e | 0000 0000 | 8b5e 0848 | 3b43 400f | 85f0 0100 | 00e9 0000 | 0000 8b7e 
  0x0000700310f15e38: ;   {metadata(method data for {method} {0x00007002f0357a38} 'invokeStatic' '(Ljava/lang/Object;Ljava/lang/Object;Ljava/lang/Object;)Ljava/lang/Object;' in 'java/lang/invoke/DirectMethodHandle$Holder')}
  0x0000700310f15e38: 2048 be90 | 6888 f002 | 7000 0048 | 8db6 f800 | 0000 4885 | ff75 0cf6 | 0601 7546 | f048 830e 
  0x0000700310f15e58: ;   {metadata('java/lang/invoke/MemberName')}
  0x0000700310f15e58: 01eb 3f48 | bb90 d100 | 3e00 0000 | 004c 8bd3 | 4833 1e48 | f7c3 fcff | ffff 7426 | f6c3 0275 
  0x0000700310f15e78: 2148 f706 | feff ffff | 7415 498b | da48 331e | 48f7 c3fc | ffff ff74 | 0948 830e | 02eb 0348 
  0x0000700310f15e98: ;   {metadata(method data for {method} {0x00007002f0357a38} 'invokeStatic' '(Ljava/lang/Object;Ljava/lang/Object;Ljava/lang/Object;)Ljava/lang/Object;' in 'java/lang/invoke/DirectMethodHandle$Holder')}
  0x0000700310f15e98: 891e 48be | 9068 88f0 | 0270 0000 | 488d b648 | 0100 0048 | 85d2 750e | f646 0801 | 7545 f048 
  0x0000700310f15eb8: 834e 0801 | eb3d 8b5a | 084c 8bd3 | 4833 5e08 | 48f7 c3fc | ffff ff74 | 2af6 c302 | 7525 48f7 
  0x0000700310f15ed8: 4608 feff | ffff 7417 | 498b da48 | 335e 0848 | f7c3 fcff | ffff 740b | 4883 4e08 | 02eb 0448 
  0x0000700310f15ef8: 895e 0848 | 85c9 750e | f646 1801 | 7545 f048 | 834e 1801 | eb3d 8b59 | 084c 8bd3 | 4833 5e18 
  0x0000700310f15f18: 48f7 c3fc | ffff ff74 | 2af6 c302 | 7525 48f7 | 4618 feff | ffff 7417 | 498b da48 | 335e 1848 
  0x0000700310f15f38: f7c3 fcff | ffff 740b | 4883 4e18 | 02eb 0448 

  0x0000700310f15f48: ;   {metadata(method data for {method} {0x00007002f0357a38} 'invokeStatic' '(Ljava/lang/Object;Ljava/lang/Object;Ljava/lang/Object;)Ljava/lang/Object;' in 'java/lang/invoke/DirectMethodHandle$Holder')}
  0x0000700310f15f48: 895e 1848 | be90 6888 | f002 7000 | 0048 8386 | 3801 0000 | 0148 8bf2 | 488b d148 

  0x0000700310f15f64: ;   {static_call}
  0x0000700310f15f64: 8bcf 90e8 

  0x0000700310f15f68: ; ImmutableOopMap {}
                      ;*invokestatic linkToStatic {reexecute=0 rethrow=0 return_oop=0}
                      ; - java.lang.invoke.DirectMethodHandle$Holder::invokeStatic@11
  0x0000700310f15f68: 14ce a407 

  0x0000700310f15f6c: ;   {post_call_nop}
  0x0000700310f15f6c: 0f1f 8400 | 6404 0000 

  0x0000700310f15f74: ;   {metadata(method data for {method} {0x00007002f0357a38} 'invokeStatic' '(Ljava/lang/Object;Ljava/lang/Object;Ljava/lang/Object;)Ljava/lang/Object;' in 'java/lang/invoke/DirectMethodHandle$Holder')}
  0x0000700310f15f74: 48be 9068 | 88f0 0270 | 0000 488d | b668 0100 | 0048 85c0 | 750c f606 | 0175 40f0 | 4883 0e01 
  0x0000700310f15f94: eb39 8b78 | 084c 8bd7 | 4833 3e48 | f7c7 fcff | ffff 7427 | 40f6 c702 | 7521 48f7 | 06fe ffff 
  0x0000700310f15fb4: ff74 1549 | 8bfa 4833 | 3e48 f7c7 | fcff ffff | 7409 4883 | 0e02 eb03 | 4889 3e48 | 83c4 405d 
  0x0000700310f15fd4: ;   {poll_return}
  0x0000700310f15fd4: 493b 6728 | 0f87 5100 

  0x0000700310f15fdc: ;   {metadata({method} {0x00007002f0357a38} 'invokeStatic' '(Ljava/lang/Object;Ljava/lang/Object;Ljava/lang/Object;)Ljava/lang/Object;' in 'java/lang/invoke/DirectMethodHandle$Holder')}
  0x0000700310f15fdc: 0000 c349 | ba38 7a35 | f002 7000 | 004c 8954 | 2408 48c7 | 0424 ffff 

  0x0000700310f15ff4: ;   {runtime_call C1 Runtime counter_overflow_blob}
  0x0000700310f15ff4: ffff e865 

  0x0000700310f15ff8: ; ImmutableOopMap {rsi=Oop rdx=Oop rcx=Oop }
                      ;*synchronization entry
                      ; - java.lang.invoke.DirectMethodHandle$Holder::invokeStatic@-1
  0x0000700310f15ff8: 8d5d 07e9 | ecfc ffff 

  0x0000700310f16000: ;   {metadata({method} {0x00007002f0079a70} 'internalMemberName' '(Ljava/lang/Object;)Ljava/lang/Object;' in 'java/lang/invoke/DirectMethodHandle')}
  0x0000700310f16000: 49ba 709a | 07f0 0270 | 0000 4c89 | 5424 0848 | c704 24ff 

  0x0000700310f16014: ;   {runtime_call C1 Runtime counter_overflow_blob}
  0x0000700310f16014: ffff ffe8 

  0x0000700310f16018: ; ImmutableOopMap {rsi=Oop rdx=Oop rcx=Oop }
                      ;*synchronization entry
                      ; - java.lang.invoke.DirectMethodHandle::internalMemberName@-1
                      ; - java.lang.invoke.DirectMethodHandle$Holder::invokeStatic@1
  0x0000700310f16018: 448d 5d07 | e965 fdff | ff48 8934 

  0x0000700310f16024: ;   {runtime_call C1 Runtime throw_class_cast_exception_blob}
  0x0000700310f16024: 24e8 365f 

  0x0000700310f16028: ; ImmutableOopMap {rdx=Oop rcx=Oop }
                      ;*checkcast {reexecute=0 rethrow=0 return_oop=0}
                      ; - java.lang.invoke.DirectMethodHandle::internalMemberName@1
                      ; - java.lang.invoke.DirectMethodHandle$Holder::invokeStatic@1
                      ;   {runtime_call C1 Runtime throw_null_pointer_exception_blob}
  0x0000700310f16028: 5d07 e831 

  0x0000700310f1602c: ; ImmutableOopMap {rdx=Oop rcx=Oop }
                      ;*getfield member {reexecute=1 rethrow=0 return_oop=0}
                      ; - (reexecute) java.lang.invoke.DirectMethodHandle::internalMemberName@4
                      ; - java.lang.invoke.DirectMethodHandle$Holder::invokeStatic@1
                      ;   {internal_word}
  0x0000700310f1602c: 3b5d 0749 | bad4 5ff1 | 1003 7000 | 004d 8997 | 3805 0000 

  0x0000700310f16040: ;   {runtime_call SafepointBlob}
  0x0000700310f16040: e91b 9850 | 0749 8b87 | e005 0000 | 49c7 87e0 | 0500 0000 | 0000 0049 | c787 e805 | 0000 0000 
  0x0000700310f16060: 0000 4883 

  0x0000700310f16064: ;   {runtime_call C1 Runtime unwind_exception_blob}
  0x0000700310f16064: c440 5de9 | f42b 5d07 | f4f4 f4f4 
[Stub Code]
  0x0000700310f16070: ;   {static_stub}
  0x0000700310f16070: 48bb 0000 | 0000 0000 

  0x0000700310f16078: ;   {runtime_call nmethod}
  0x0000700310f16078: 0000 e9fb 

  0x0000700310f1607c: ;   {runtime_call C1 Runtime handle_exception_from_callee_blob}
  0x0000700310f1607c: ffff ffe8 | dc58 5d07 

  0x0000700310f16084: ;   {external_word}
  0x0000700310f16084: 48bf 3c77 | d62c 0370 | 0000 4883 

  0x0000700310f16090: ;   {runtime_call MacroAssembler::debug64(char*, long, long*)}
  0x0000700310f16090: e4f0 e829 | 4582 1bf4 
[Deopt Handler Code]
  0x0000700310f16098: ;   {section_word}
  0x0000700310f16098: 49ba 9860 | f110 0370 | 0000 4152 

  0x0000700310f160a4: ;   {runtime_call DeoptimizationBlob}
  0x0000700310f160a4: e9b7 9a50 

  0x0000700310f160a8: ;   {section_word}
  0x0000700310f160a8: 0749 baa9 | 60f1 1003 | 7000 0041 

  0x0000700310f160b4: ;   {runtime_call DeoptimizationBlob}
  0x0000700310f160b4: 52e9 a69a | 5007 f4f4 | f4f4 f4f4 
[/MachCode]


---------------  P R O C E S S  ---------------

Threads class SMR info:
_java_thread_list=0x0000700210007ff0, length=40, elements={
0x000070032402e600, 0x000070032413bd20, 0x000070032413d4d0, 0x000070032413ef00,
0x0000700324140750, 0x0000700324141f00, 0x0000700324143c30, 0x0000700324145550,
0x0000700324210710, 0x0000700324212ff0, 0x000070032478b7b0, 0x00007002a8001730,
0x000070032478db40, 0x000070032478e660, 0x000070032478fab0, 0x0000700324791230,
0x00007003245c7d50, 0x000070032485c520, 0x000070032485da90, 0x000070032460ca80,
0x00007002880060a0, 0x000070028c000f30, 0x000070032495fee0, 0x00007002940200a0,
0x00007002944b3100, 0x0000700324286ff0, 0x00007002b405da50, 0x00007003242a4820,
0x00007003246e7230, 0x00007003246e8220, 0x0000700324a6e0c0, 0x0000700324b5b780,
0x0000700244002460, 0x00007002440038d0, 0x00007003248f06e0, 0x00007003248f3960,
0x0000700324e6af30, 0x0000700324f44e10, 0x0000700210003180, 0x00007002100053f0
}

Java Threads: ( => current thread )
=>0x000070032402e600 JavaThread "main"                              [_thread_in_native, id=42814, stack(0x000070032b805000,0x000070032b905000) (1024K)]
  0x000070032413bd20 JavaThread "Reference Handler"          daemon [_thread_blocked, id=42822, stack(0x0000700328300000,0x0000700328400000) (1024K)]
  0x000070032413d4d0 JavaThread "Finalizer"                  daemon [_thread_blocked, id=42823, stack(0x0000700328200000,0x0000700328300000) (1024K)]
  0x000070032413ef00 JavaThread "Signal Dispatcher"          daemon [_thread_blocked, id=42824, stack(0x0000700328100000,0x0000700328200000) (1024K)]
  0x0000700324140750 JavaThread "Service Thread"             daemon [_thread_blocked, id=42825, stack(0x0000700328000000,0x0000700328100000) (1024K)]
  0x0000700324141f00 JavaThread "Monitor Deflation Thread"   daemon [_thread_blocked, id=42826, stack(0x0000700310d97000,0x0000700310e97000) (1024K)]
  0x0000700324143c30 JavaThread "C2 CompilerThread0"         daemon [_thread_blocked, id=42827, stack(0x0000700310c97000,0x0000700310d97000) (1024K)]
  0x0000700324145550 JavaThread "C1 CompilerThread0"         daemon [_thread_blocked, id=42828, stack(0x0000700310b97000,0x0000700310c97000) (1024K)]
  0x0000700324210710 JavaThread "Notification Thread"        daemon [_thread_blocked, id=42829, stack(0x0000700310a55000,0x0000700310b55000) (1024K)]
  0x0000700324212ff0 JavaThread "Common-Cleaner"             daemon [_thread_blocked, id=42830, stack(0x0000700310955000,0x0000700310a55000) (1024K)]
  0x000070032478b7b0 JavaThread "Equinox resolver thread - Equinox Container: 99cf5a8b-7600-4b54-b844-f7c184c80245" daemon [_thread_blocked, id=42842, stack(0x00007002c64f5000,0x00007002c65f5000) (1024K)]
  0x00007002a8001730 JavaThread "Equinox resolver thread - Equinox Container: 99cf5a8b-7600-4b54-b844-f7c184c80245" daemon [_thread_blocked, id=42843, stack(0x00007002c63f5000,0x00007002c64f5000) (1024K)]
  0x000070032478db40 JavaThread "Equinox resolver thread - Equinox Container: 99cf5a8b-7600-4b54-b844-f7c184c80245" daemon [_thread_blocked, id=42844, stack(0x00007002c62f5000,0x00007002c63f5000) (1024K)]
  0x000070032478e660 JavaThread "Equinox resolver thread - Equinox Container: 99cf5a8b-7600-4b54-b844-f7c184c80245" daemon [_thread_blocked, id=42845, stack(0x00007002c61f5000,0x00007002c62f5000) (1024K)]
  0x000070032478fab0 JavaThread "Equinox resolver thread - Equinox Container: 99cf5a8b-7600-4b54-b844-f7c184c80245" daemon [_thread_blocked, id=42846, stack(0x00007002c60f5000,0x00007002c61f5000) (1024K)]
  0x0000700324791230 JavaThread "Equinox resolver thread - Equinox Container: 99cf5a8b-7600-4b54-b844-f7c184c80245" daemon [_thread_blocked, id=42847, stack(0x00007002c5ff5000,0x00007002c60f5000) (1024K)]
  0x00007003245c7d50 JavaThread "Active Thread: Equinox Container: 99cf5a8b-7600-4b54-b844-f7c184c80245"        [_thread_blocked, id=42848, stack(0x00007002c5ef5000,0x00007002c5ff5000) (1024K)]
  0x000070032485c520 JavaThread "Framework Event Dispatcher: Equinox Container: 99cf5a8b-7600-4b54-b844-f7c184c80245" daemon [_thread_blocked, id=42849, stack(0x00007002c65f5000,0x00007002c66f5000) (1024K)]
  0x000070032485da90 JavaThread "Start Level: Equinox Container: 99cf5a8b-7600-4b54-b844-f7c184c80245" daemon [_thread_blocked, id=42850, stack(0x00007002c5df5000,0x00007002c5ef5000) (1024K)]
  0x000070032460ca80 JavaThread "Refresh Thread: Equinox Container: 99cf5a8b-7600-4b54-b844-f7c184c80245" daemon [_thread_blocked, id=42851, stack(0x00007002c5cf5000,0x00007002c5df5000) (1024K)]
  0x00007002880060a0 JavaThread "Equinox resolver thread - Equinox Container: 99cf5a8b-7600-4b54-b844-f7c184c80245" daemon [_thread_blocked, id=42852, stack(0x00007002c5bf5000,0x00007002c5cf5000) (1024K)]
  0x000070028c000f30 JavaThread "Equinox resolver thread - Equinox Container: 99cf5a8b-7600-4b54-b844-f7c184c80245" daemon [_thread_blocked, id=42853, stack(0x00007002c5af5000,0x00007002c5bf5000) (1024K)]
  0x000070032495fee0 JavaThread "Bundle File Closer"         daemon [_thread_blocked, id=42874, stack(0x00007002c52ee000,0x00007002c53ee000) (1024K)]
  0x00007002940200a0 JavaThread "SCR Component Actor"        daemon [_thread_blocked, id=42895, stack(0x00007002c4fed000,0x00007002c50ed000) (1024K)]
  0x00007002944b3100 JavaThread "EMF Reference Cleaner"      daemon [_thread_blocked, id=42896, stack(0x00007002c4eed000,0x00007002c4fed000) (1024K)]
  0x0000700324286ff0 JavaThread "Gogo shell"                        [_thread_blocked, id=42897, stack(0x00007002c4ded000,0x00007002c4eed000) (1024K)]
  0x00007002b405da50 JavaThread "Worker-JM"                         [_thread_blocked, id=42900, stack(0x00007002c4bed000,0x00007002c4ced000) (1024K)]
  0x00007003242a4820 JavaThread "Worker-0"                          [_thread_blocked, id=42902, stack(0x00007002c4ced000,0x00007002c4ded000) (1024K)]
  0x00007003246e7230 JavaThread "Java2D Disposer"            daemon [_thread_blocked, id=42903, stack(0x00007002c51ee000,0x00007002c52ee000) (1024K)]
  0x00007003246e8220 JavaThread "AWT-XAWT"                   daemon [_thread_in_native, id=42904, stack(0x00007002c4698000,0x00007002c4798000) (1024K)]
  0x0000700324a6e0c0 JavaThread "Worker-1"                          [_thread_blocked, id=42906, stack(0x00007002c4589000,0x00007002c4689000) (1024K)]
  0x0000700324b5b780 JavaThread "Database navigator events processor"        [_thread_blocked, id=42907, stack(0x00007002c4489000,0x00007002c4589000) (1024K)]
  0x0000700244002460 JavaThread "Worker-3"                          [_thread_blocked, id=42912, stack(0x00007002c407d000,0x00007002c417d000) (1024K)]
  0x00007002440038d0 JavaThread "Worker-4"                          [_thread_blocked, id=42914, stack(0x000070023e6fd000,0x000070023e7fd000) (1024K)]
  0x00007003248f06e0 JavaThread "idle-timeout-task"          daemon [_thread_blocked, id=42915, stack(0x000070023e1fd000,0x000070023e2fd000) (1024K)]
  0x00007003248f3960 JavaThread "HTTP-Dispatcher"                   [_thread_in_native, id=42916, stack(0x000070023e0fd000,0x000070023e1fd000) (1024K)]
  0x0000700324e6af30 JavaThread "SWTResourceTracker"         daemon [_thread_blocked, id=42918, stack(0x000070023dffd000,0x000070023e0fd000) (1024K)]
  0x0000700324f44e10 JavaThread "EventAdmin Async Event Dispatcher Thread" daemon [_thread_blocked, id=42921, stack(0x000070023d6fd000,0x000070023d7fd000) (1024K)]
  0x0000700210003180 JavaThread "pool-2-thread-1"                   [_thread_blocked, id=42922, stack(0x000070023c700000,0x000070023c800000) (1024K)]
  0x00007002100053f0 JavaThread "pool-3-thread-1"                   [_thread_blocked, id=42923, stack(0x000070023c600000,0x000070023c700000) (1024K)]
Total: 40

Other Threads:
  0x00007003240d9db0 VMThread "VM Thread"                           [id=42821, stack(0x0000700328992000,0x0000700328a92000) (1024K)]
  0x00007003240ca800 WatcherThread "VM Periodic Task Thread"        [id=42820, stack(0x0000700328a93000,0x0000700328b93000) (1024K)]
  0x0000700324071410 WorkerThread "GC Thread#0"                     [id=42815, stack(0x00007003298bd000,0x00007003299bd000) (1024K)]
  0x00007002e8007d90 WorkerThread "GC Thread#1"                     [id=42857, stack(0x00007002c59f5000,0x00007002c5af5000) (1024K)]
  0x00007002e80089d0 WorkerThread "GC Thread#2"                     [id=42858, stack(0x00007002c58f4000,0x00007002c59f4000) (1024K)]
  0x00007002e8009750 WorkerThread "GC Thread#3"                     [id=42859, stack(0x00007002c57f3000,0x00007002c58f3000) (1024K)]
  0x00007002e800fa10 WorkerThread "GC Thread#4"                     [id=42860, stack(0x00007002c56f2000,0x00007002c57f2000) (1024K)]
  0x00007002e8010a00 WorkerThread "GC Thread#5"                     [id=42861, stack(0x00007002c55f1000,0x00007002c56f1000) (1024K)]
  0x00007002e8011bc0 WorkerThread "GC Thread#6"                     [id=42862, stack(0x00007002c54f0000,0x00007002c55f0000) (1024K)]
  0x00007002e8012d80 WorkerThread "GC Thread#7"                     [id=42863, stack(0x00007002c53ef000,0x00007002c54ef000) (1024K)]
  0x000070032407ecb0 ConcurrentGCThread "G1 Main Marker"            [id=42816, stack(0x00007003297bc000,0x00007003298bc000) (1024K)]
  0x000070032407fe80 WorkerThread "G1 Conc#0"                       [id=42817, stack(0x00007003296bb000,0x00007003297bb000) (1024K)]
  0x0000700304000cd0 WorkerThread "G1 Conc#1"                       [id=42894, stack(0x00007002c50ee000,0x00007002c51ee000) (1024K)]
  0x00007003240bd590 ConcurrentGCThread "G1 Refine#0"               [id=42818, stack(0x0000700328db2000,0x0000700328eb2000) (1024K)]
  0x00007003240be780 ConcurrentGCThread "G1 Service"                [id=42819, stack(0x0000700328cb1000,0x0000700328db1000) (1024K)]
Total: 15

Threads with active compile tasks:
Total: 0

VM state: not at safepoint (normal execution)

VM Mutex/Monitor currently owned by a thread: None

Heap address: 0x00000000c0000000, size: 1024 MB, Compressed Oops mode: 32-bit

CDS archive(s) not mapped
Compressed class space mapped at: 0x000000003e000000-0x000000007e000000, reserved size: 1073741824
UseCompressedClassPointers 1, UseCompactObjectHeaders 0
Narrow klass pointer bits 32, Max shift 3
Narrow klass base: 0x0000000000000000, Narrow klass shift: 0
Encoding Range: [0x0000000000000000 - 0x0000000100000000), (4294967296 bytes)
Klass Range:    [0x000000003e000000 - 0x000000007e000000), (1073741824 bytes)
Klass ID Range:  [1040187392 - 2113929209) (1073741817)
No protection zone.

GC Precious Log:
 CardTable entry size: 512
 Card Set container configuration: InlinePtr #cards 5 size 8 Array Of Cards #cards 10 size 36 Howl #buckets 4 coarsen threshold 1843 Howl Bitmap #cards 512 size 80 coarsen threshold 460 Card regions per heap region 1 cards per card region 2048
 CPUs: 8 total, 8 available
 Memory: 15832M
 Large Page Support: Disabled
 NUMA Support: Disabled
 Compressed Oops: Enabled (32-bit)
 Heap Region Size: 1M
 Heap Min Capacity: 64M
 Heap Initial Capacity: 64M
 Heap Max Capacity: 1G
 Pre-touch: Disabled
 Parallel Workers: 8
 Concurrent Workers: 2
 Concurrent Refinement Workers: 8
 Periodic GC: Disabled

Heap:
 garbage-first heap   total reserved 1048576K, committed 130048K, used 70772K [0x00000000c0000000, 0x0000000100000000)
  region size 1024K, 33 young (33792K), 8 survivors (8192K)

Heap Regions: E=young(eden), S=young(survivor), O=old, HS=humongous(starts), HC=humongous(continues), CS=collection set, F=free, TAMS=top-at-mark-start, PB=parsable bottom
|   0|0x00000000c0000000, 0x00000000c0100000, 0x00000000c0100000|100%| O|  |TAMS 0x00000000c0000000| PB 0x00000000c0000000| Untracked |  0
|   1|0x00000000c0100000, 0x00000000c0200000, 0x00000000c0200000|100%| O|  |TAMS 0x00000000c0100000| PB 0x00000000c0100000| Untracked |  0
|   2|0x00000000c0200000, 0x00000000c0300000, 0x00000000c0300000|100%| O|  |TAMS 0x00000000c0200000| PB 0x00000000c0200000| Untracked |  0
|   3|0x00000000c0300000, 0x00000000c0400000, 0x00000000c0400000|100%| O|  |TAMS 0x00000000c0300000| PB 0x00000000c0300000| Untracked |  0
|   4|0x00000000c0400000, 0x00000000c0500000, 0x00000000c0500000|100%| O|  |TAMS 0x00000000c0400000| PB 0x00000000c0400000| Untracked |  0
|   5|0x00000000c0500000, 0x00000000c0600000, 0x00000000c0600000|100%| O|  |TAMS 0x00000000c0500000| PB 0x00000000c0500000| Untracked |  0
|   6|0x00000000c0600000, 0x00000000c0700000, 0x00000000c0700000|100%| O|  |TAMS 0x00000000c0600000| PB 0x00000000c0600000| Untracked |  0
|   7|0x00000000c0700000, 0x00000000c0800000, 0x00000000c0800000|100%| O|  |TAMS 0x00000000c0700000| PB 0x00000000c0700000| Untracked |  0
|   8|0x00000000c0800000, 0x00000000c0900000, 0x00000000c0900000|100%| O|  |TAMS 0x00000000c0800000| PB 0x00000000c0800000| Untracked |  0
|   9|0x00000000c0900000, 0x00000000c0a00000, 0x00000000c0a00000|100%| O|  |TAMS 0x00000000c0900000| PB 0x00000000c0900000| Untracked |  0
|  10|0x00000000c0a00000, 0x00000000c0b00000, 0x00000000c0b00000|100%| O|Cm|TAMS 0x00000000c0a00000| PB 0x00000000c0a00000| Complete |  0
|  11|0x00000000c0b00000, 0x00000000c0c00000, 0x00000000c0c00000|100%|HS|  |TAMS 0x00000000c0b00000| PB 0x00000000c0b00000| Complete |  0
|  12|0x00000000c0c00000, 0x00000000c0d00000, 0x00000000c0d00000|100%| O|  |TAMS 0x00000000c0c00000| PB 0x00000000c0c00000| Untracked |  0
|  13|0x00000000c0d00000, 0x00000000c0e00000, 0x00000000c0e00000|100%| O|  |TAMS 0x00000000c0d00000| PB 0x00000000c0d00000| Untracked |  0
|  14|0x00000000c0e00000, 0x00000000c0f00000, 0x00000000c0f00000|100%| O|  |TAMS 0x00000000c0e00000| PB 0x00000000c0e00000| Untracked |  0
|  15|0x00000000c0f00000, 0x00000000c1000000, 0x00000000c1000000|100%| O|  |TAMS 0x00000000c0f00000| PB 0x00000000c0f00000| Untracked |  0
|  16|0x00000000c1000000, 0x00000000c1100000, 0x00000000c1100000|100%| O|  |TAMS 0x00000000c1000000| PB 0x00000000c1000000| Untracked |  0
|  17|0x00000000c1100000, 0x00000000c1200000, 0x00000000c1200000|100%| O|  |TAMS 0x00000000c1100000| PB 0x00000000c1100000| Untracked |  0
|  18|0x00000000c1200000, 0x00000000c1300000, 0x00000000c1300000|100%|HS|  |TAMS 0x00000000c1200000| PB 0x00000000c1200000| Complete |  0
|  19|0x00000000c1300000, 0x00000000c1400000, 0x00000000c1400000|100%|HS|  |TAMS 0x00000000c1300000| PB 0x00000000c1300000| Complete |  0
|  20|0x00000000c1400000, 0x00000000c1500000, 0x00000000c1500000|100%|HS|  |TAMS 0x00000000c1400000| PB 0x00000000c1400000| Complete |  0
|  21|0x00000000c1500000, 0x00000000c1600000, 0x00000000c1600000|100%|HS|  |TAMS 0x00000000c1500000| PB 0x00000000c1500000| Complete |  0
|  22|0x00000000c1600000, 0x00000000c1700000, 0x00000000c1700000|100%|HS|  |TAMS 0x00000000c1600000| PB 0x00000000c1600000| Complete |  0
|  23|0x00000000c1700000, 0x00000000c1776098, 0x00000000c1800000| 46%| O|  |TAMS 0x00000000c1700000| PB 0x00000000c1700000| Untracked |  0
|  24|0x00000000c1800000, 0x00000000c1900000, 0x00000000c1900000|100%|HS|  |TAMS 0x00000000c1800000| PB 0x00000000c1800000| Complete |  0
|  25|0x00000000c1900000, 0x00000000c1900000, 0x00000000c1a00000|  0%| F|  |TAMS 0x00000000c1900000| PB 0x00000000c1900000| Untracked |  0
|  26|0x00000000c1a00000, 0x00000000c1a00000, 0x00000000c1b00000|  0%| F|  |TAMS 0x00000000c1a00000| PB 0x00000000c1a00000| Untracked |  0
|  27|0x00000000c1b00000, 0x00000000c1b00000, 0x00000000c1c00000|  0%| F|  |TAMS 0x00000000c1b00000| PB 0x00000000c1b00000| Untracked |  0
|  28|0x00000000c1c00000, 0x00000000c1c00000, 0x00000000c1d00000|  0%| F|  |TAMS 0x00000000c1c00000| PB 0x00000000c1c00000| Untracked |  0
|  29|0x00000000c1d00000, 0x00000000c1d00000, 0x00000000c1e00000|  0%| F|  |TAMS 0x00000000c1d00000| PB 0x00000000c1d00000| Untracked |  0
|  30|0x00000000c1e00000, 0x00000000c1e00000, 0x00000000c1f00000|  0%| F|  |TAMS 0x00000000c1e00000| PB 0x00000000c1e00000| Untracked |  0
|  31|0x00000000c1f00000, 0x00000000c1f00000, 0x00000000c2000000|  0%| F|  |TAMS 0x00000000c1f00000| PB 0x00000000c1f00000| Untracked |  0
|  32|0x00000000c2000000, 0x00000000c2000000, 0x00000000c2100000|  0%| F|  |TAMS 0x00000000c2000000| PB 0x00000000c2000000| Untracked |  0
|  33|0x00000000c2100000, 0x00000000c2100000, 0x00000000c2200000|  0%| F|  |TAMS 0x00000000c2100000| PB 0x00000000c2100000| Untracked |  0
|  34|0x00000000c2200000, 0x00000000c2200000, 0x00000000c2300000|  0%| F|  |TAMS 0x00000000c2200000| PB 0x00000000c2200000| Untracked |  0
|  35|0x00000000c2300000, 0x00000000c2300000, 0x00000000c2400000|  0%| F|  |TAMS 0x00000000c2300000| PB 0x00000000c2300000| Untracked |  0
|  36|0x00000000c2400000, 0x00000000c2400000, 0x00000000c2500000|  0%| F|  |TAMS 0x00000000c2400000| PB 0x00000000c2400000| Untracked |  0
|  37|0x00000000c2500000, 0x00000000c2500000, 0x00000000c2600000|  0%| F|  |TAMS 0x00000000c2500000| PB 0x00000000c2500000| Untracked |  0
|  38|0x00000000c2600000, 0x00000000c2600000, 0x00000000c2700000|  0%| F|  |TAMS 0x00000000c2600000| PB 0x00000000c2600000| Untracked |  0
|  39|0x00000000c2700000, 0x00000000c2700000, 0x00000000c2800000|  0%| F|  |TAMS 0x00000000c2700000| PB 0x00000000c2700000| Untracked |  0
|  40|0x00000000c2800000, 0x00000000c2800000, 0x00000000c2900000|  0%| F|  |TAMS 0x00000000c2800000| PB 0x00000000c2800000| Untracked |  0
|  41|0x00000000c2900000, 0x00000000c2a00000, 0x00000000c2a00000|100%| O|  |TAMS 0x00000000c2900000| PB 0x00000000c2900000| Untracked |  0
|  42|0x00000000c2a00000, 0x00000000c2a00000, 0x00000000c2b00000|  0%| F|  |TAMS 0x00000000c2a00000| PB 0x00000000c2a00000| Untracked |  0
|  43|0x00000000c2b00000, 0x00000000c2b00000, 0x00000000c2c00000|  0%| F|  |TAMS 0x00000000c2b00000| PB 0x00000000c2b00000| Untracked |  0
|  44|0x00000000c2c00000, 0x00000000c2c00000, 0x00000000c2d00000|  0%| F|  |TAMS 0x00000000c2c00000| PB 0x00000000c2c00000| Untracked |  0
|  45|0x00000000c2d00000, 0x00000000c2d00000, 0x00000000c2e00000|  0%| F|  |TAMS 0x00000000c2d00000| PB 0x00000000c2d00000| Untracked |  0
|  46|0x00000000c2e00000, 0x00000000c2e00000, 0x00000000c2f00000|  0%| F|  |TAMS 0x00000000c2e00000| PB 0x00000000c2e00000| Untracked |  0
|  47|0x00000000c2f00000, 0x00000000c2f00000, 0x00000000c3000000|  0%| F|  |TAMS 0x00000000c2f00000| PB 0x00000000c2f00000| Untracked |  0
|  48|0x00000000c3000000, 0x00000000c3000000, 0x00000000c3100000|  0%| F|  |TAMS 0x00000000c3000000| PB 0x00000000c3000000| Untracked |  0
|  49|0x00000000c3100000, 0x00000000c3200000, 0x00000000c3200000|100%| O|  |TAMS 0x00000000c3100000| PB 0x00000000c3100000| Untracked |  0
|  50|0x00000000c3200000, 0x00000000c3200000, 0x00000000c3300000|  0%| F|  |TAMS 0x00000000c3200000| PB 0x00000000c3200000| Untracked |  0
|  51|0x00000000c3300000, 0x00000000c3400000, 0x00000000c3400000|100%| S|CS|TAMS 0x00000000c3300000| PB 0x00000000c3300000| Complete |  0
|  52|0x00000000c3400000, 0x00000000c3500000, 0x00000000c3500000|100%| S|CS|TAMS 0x00000000c3400000| PB 0x00000000c3400000| Complete |  0
|  53|0x00000000c3500000, 0x00000000c3600000, 0x00000000c3600000|100%| O|Cm|TAMS 0x00000000c3500000| PB 0x00000000c3500000| Complete |  0
|  54|0x00000000c3600000, 0x00000000c3700000, 0x00000000c3700000|100%| S|CS|TAMS 0x00000000c3600000| PB 0x00000000c3600000| Complete |  0
|  55|0x00000000c3700000, 0x00000000c3800000, 0x00000000c3800000|100%| O|  |TAMS 0x00000000c3700000| PB 0x00000000c3700000| Untracked |  0
|  56|0x00000000c3800000, 0x00000000c3900000, 0x00000000c3900000|100%| O|  |TAMS 0x00000000c3800000| PB 0x00000000c3800000| Untracked |  0
|  57|0x00000000c3900000, 0x00000000c3a00000, 0x00000000c3a00000|100%| O|Cm|TAMS 0x00000000c3900000| PB 0x00000000c3900000| Complete |  0
|  58|0x00000000c3a00000, 0x00000000c3b00000, 0x00000000c3b00000|100%| O|Cm|TAMS 0x00000000c3a00000| PB 0x00000000c3a00000| Complete |  0
|  59|0x00000000c3b00000, 0x00000000c3c00000, 0x00000000c3c00000|100%| O|  |TAMS 0x00000000c3b00000| PB 0x00000000c3b00000| Untracked |  0
|  60|0x00000000c3c00000, 0x00000000c3d00000, 0x00000000c3d00000|100%| O|  |TAMS 0x00000000c3c00000| PB 0x00000000c3c00000| Untracked |  0
|  61|0x00000000c3d00000, 0x00000000c3e00000, 0x00000000c3e00000|100%| O|  |TAMS 0x00000000c3d00000| PB 0x00000000c3d00000| Untracked |  0
|  62|0x00000000c3e00000, 0x00000000c3f00000, 0x00000000c3f00000|100%| O|  |TAMS 0x00000000c3e00000| PB 0x00000000c3e00000| Untracked |  0
|  63|0x00000000c3f00000, 0x00000000c4000000, 0x00000000c4000000|100%| O|  |TAMS 0x00000000c3f00000| PB 0x00000000c3f00000| Untracked |  0
|  64|0x00000000c4000000, 0x00000000c40a7238, 0x00000000c4100000| 65%| O|Cm|TAMS 0x00000000c4000000| PB 0x00000000c4000000| Complete |  0
|  65|0x00000000c4100000, 0x00000000c4200000, 0x00000000c4200000|100%| S|CS|TAMS 0x00000000c4100000| PB 0x00000000c4100000| Complete |  0
|  66|0x00000000c4200000, 0x00000000c4300000, 0x00000000c4300000|100%| S|CS|TAMS 0x00000000c4200000| PB 0x00000000c4200000| Complete |  0
|  67|0x00000000c4300000, 0x00000000c4400000, 0x00000000c4400000|100%| S|CS|TAMS 0x00000000c4300000| PB 0x00000000c4300000| Complete |  0
|  68|0x00000000c4400000, 0x00000000c4500000, 0x00000000c4500000|100%| S|CS|TAMS 0x00000000c4400000| PB 0x00000000c4400000| Complete |  0
|  69|0x00000000c4500000, 0x00000000c4600000, 0x00000000c4600000|100%| S|CS|TAMS 0x00000000c4500000| PB 0x00000000c4500000| Complete |  0
|  70|0x00000000c4600000, 0x00000000c4600000, 0x00000000c4700000|  0%| F|  |TAMS 0x00000000c4600000| PB 0x00000000c4600000| Untracked |  0
|  71|0x00000000c4700000, 0x00000000c4700000, 0x00000000c4800000|  0%| F|  |TAMS 0x00000000c4700000| PB 0x00000000c4700000| Untracked |  0
|  72|0x00000000c4800000, 0x00000000c4800000, 0x00000000c4900000|  0%| F|  |TAMS 0x00000000c4800000| PB 0x00000000c4800000| Untracked |  0
|  73|0x00000000c4900000, 0x00000000c4900000, 0x00000000c4a00000|  0%| F|  |TAMS 0x00000000c4900000| PB 0x00000000c4900000| Untracked |  0
|  74|0x00000000c4a00000, 0x00000000c4a00000, 0x00000000c4b00000|  0%| F|  |TAMS 0x00000000c4a00000| PB 0x00000000c4a00000| Untracked |  0
|  75|0x00000000c4b00000, 0x00000000c4b00000, 0x00000000c4c00000|  0%| F|  |TAMS 0x00000000c4b00000| PB 0x00000000c4b00000| Untracked |  0
|  76|0x00000000c4c00000, 0x00000000c4c00000, 0x00000000c4d00000|  0%| F|  |TAMS 0x00000000c4c00000| PB 0x00000000c4c00000| Untracked |  0
|  77|0x00000000c4d00000, 0x00000000c4d00000, 0x00000000c4e00000|  0%| F|  |TAMS 0x00000000c4d00000| PB 0x00000000c4d00000| Untracked |  0
|  78|0x00000000c4e00000, 0x00000000c4e00000, 0x00000000c4f00000|  0%| F|  |TAMS 0x00000000c4e00000| PB 0x00000000c4e00000| Untracked |  0
|  79|0x00000000c4f00000, 0x00000000c4f00000, 0x00000000c5000000|  0%| F|  |TAMS 0x00000000c4f00000| PB 0x00000000c4f00000| Untracked |  0
|  80|0x00000000c5000000, 0x00000000c5000000, 0x00000000c5100000|  0%| F|  |TAMS 0x00000000c5000000| PB 0x00000000c5000000| Untracked |  0
|  81|0x00000000c5100000, 0x00000000c5100000, 0x00000000c5200000|  0%| F|  |TAMS 0x00000000c5100000| PB 0x00000000c5100000| Untracked |  0
|  82|0x00000000c5200000, 0x00000000c5200000, 0x00000000c5300000|  0%| F|  |TAMS 0x00000000c5200000| PB 0x00000000c5200000| Untracked |  0
|  83|0x00000000c5300000, 0x00000000c5300000, 0x00000000c5400000|  0%| F|  |TAMS 0x00000000c5300000| PB 0x00000000c5300000| Untracked |  0
|  84|0x00000000c5400000, 0x00000000c5400000, 0x00000000c5500000|  0%| F|  |TAMS 0x00000000c5400000| PB 0x00000000c5400000| Untracked |  0
|  85|0x00000000c5500000, 0x00000000c5500000, 0x00000000c5600000|  0%| F|  |TAMS 0x00000000c5500000| PB 0x00000000c5500000| Untracked |  0
|  86|0x00000000c5600000, 0x00000000c5600000, 0x00000000c5700000|  0%| F|  |TAMS 0x00000000c5600000| PB 0x00000000c5600000| Untracked |  0
|  87|0x00000000c5700000, 0x00000000c5700000, 0x00000000c5800000|  0%| F|  |TAMS 0x00000000c5700000| PB 0x00000000c5700000| Untracked |  0
|  88|0x00000000c5800000, 0x00000000c5800000, 0x00000000c5900000|  0%| F|  |TAMS 0x00000000c5800000| PB 0x00000000c5800000| Untracked |  0
|  89|0x00000000c5900000, 0x00000000c5900000, 0x00000000c5a00000|  0%| F|  |TAMS 0x00000000c5900000| PB 0x00000000c5900000| Untracked |  0
|  90|0x00000000c5a00000, 0x00000000c5a00000, 0x00000000c5b00000|  0%| F|  |TAMS 0x00000000c5a00000| PB 0x00000000c5a00000| Untracked |  0
|  91|0x00000000c5b00000, 0x00000000c5b00000, 0x00000000c5c00000|  0%| F|  |TAMS 0x00000000c5b00000| PB 0x00000000c5b00000| Untracked |  0
|  92|0x00000000c5c00000, 0x00000000c5c00000, 0x00000000c5d00000|  0%| F|  |TAMS 0x00000000c5c00000| PB 0x00000000c5c00000| Untracked |  0
|  93|0x00000000c5d00000, 0x00000000c5d00000, 0x00000000c5e00000|  0%| F|  |TAMS 0x00000000c5d00000| PB 0x00000000c5d00000| Untracked |  0
|  94|0x00000000c5e00000, 0x00000000c5e00000, 0x00000000c5f00000|  0%| F|  |TAMS 0x00000000c5e00000| PB 0x00000000c5e00000| Untracked |  0
|  95|0x00000000c5f00000, 0x00000000c5f00000, 0x00000000c6000000|  0%| F|  |TAMS 0x00000000c5f00000| PB 0x00000000c5f00000| Untracked |  0
|  96|0x00000000c6000000, 0x00000000c6000000, 0x00000000c6100000|  0%| F|  |TAMS 0x00000000c6000000| PB 0x00000000c6000000| Untracked |  0
|  97|0x00000000c6100000, 0x00000000c6100000, 0x00000000c6200000|  0%| F|  |TAMS 0x00000000c6100000| PB 0x00000000c6100000| Untracked |  0
|  98|0x00000000c6200000, 0x00000000c6200000, 0x00000000c6300000|  0%| F|  |TAMS 0x00000000c6200000| PB 0x00000000c6200000| Untracked |  0
|  99|0x00000000c6300000, 0x00000000c6300000, 0x00000000c6400000|  0%| F|  |TAMS 0x00000000c6300000| PB 0x00000000c6300000| Untracked |  0
| 100|0x00000000c6400000, 0x00000000c6400000, 0x00000000c6500000|  0%| F|  |TAMS 0x00000000c6400000| PB 0x00000000c6400000| Untracked |  0
| 101|0x00000000c6500000, 0x00000000c6500000, 0x00000000c6600000|  0%| F|  |TAMS 0x00000000c6500000| PB 0x00000000c6500000| Untracked |  0
| 102|0x00000000c6600000, 0x00000000c6684010, 0x00000000c6700000| 51%| E|  |TAMS 0x00000000c6600000| PB 0x00000000c6600000| Complete |  0
| 103|0x00000000c6700000, 0x00000000c6800000, 0x00000000c6800000|100%| E|CS|TAMS 0x00000000c6700000| PB 0x00000000c6700000| Complete |  0
| 104|0x00000000c6800000, 0x00000000c6900000, 0x00000000c6900000|100%| E|CS|TAMS 0x00000000c6800000| PB 0x00000000c6800000| Complete |  0
| 105|0x00000000c6900000, 0x00000000c6a00000, 0x00000000c6a00000|100%| E|CS|TAMS 0x00000000c6900000| PB 0x00000000c6900000| Complete |  0
| 106|0x00000000c6a00000, 0x00000000c6b00000, 0x00000000c6b00000|100%| E|CS|TAMS 0x00000000c6a00000| PB 0x00000000c6a00000| Complete |  0
| 107|0x00000000c6b00000, 0x00000000c6c00000, 0x00000000c6c00000|100%| E|CS|TAMS 0x00000000c6b00000| PB 0x00000000c6b00000| Complete |  0
| 108|0x00000000c6c00000, 0x00000000c6d00000, 0x00000000c6d00000|100%| E|CS|TAMS 0x00000000c6c00000| PB 0x00000000c6c00000| Complete |  0
| 109|0x00000000c6d00000, 0x00000000c6e00000, 0x00000000c6e00000|100%| E|CS|TAMS 0x00000000c6d00000| PB 0x00000000c6d00000| Complete |  0
| 110|0x00000000c6e00000, 0x00000000c6f00000, 0x00000000c6f00000|100%| E|CS|TAMS 0x00000000c6e00000| PB 0x00000000c6e00000| Complete |  0
| 111|0x00000000c6f00000, 0x00000000c7000000, 0x00000000c7000000|100%| E|CS|TAMS 0x00000000c6f00000| PB 0x00000000c6f00000| Complete |  0
| 112|0x00000000c7000000, 0x00000000c7100000, 0x00000000c7100000|100%| E|CS|TAMS 0x00000000c7000000| PB 0x00000000c7000000| Complete |  0
| 113|0x00000000c7100000, 0x00000000c7200000, 0x00000000c7200000|100%| E|CS|TAMS 0x00000000c7100000| PB 0x00000000c7100000| Complete |  0
| 114|0x00000000c7200000, 0x00000000c7300000, 0x00000000c7300000|100%| E|CS|TAMS 0x00000000c7200000| PB 0x00000000c7200000| Complete |  0
| 115|0x00000000c7300000, 0x00000000c7400000, 0x00000000c7400000|100%| E|CS|TAMS 0x00000000c7300000| PB 0x00000000c7300000| Complete |  0
| 116|0x00000000c7400000, 0x00000000c7500000, 0x00000000c7500000|100%| E|CS|TAMS 0x00000000c7400000| PB 0x00000000c7400000| Complete |  0
| 117|0x00000000c7500000, 0x00000000c7600000, 0x00000000c7600000|100%| E|CS|TAMS 0x00000000c7500000| PB 0x00000000c7500000| Complete |  0
| 118|0x00000000c7600000, 0x00000000c7700000, 0x00000000c7700000|100%| E|CS|TAMS 0x00000000c7600000| PB 0x00000000c7600000| Complete |  0
| 119|0x00000000c7700000, 0x00000000c7800000, 0x00000000c7800000|100%| E|CS|TAMS 0x00000000c7700000| PB 0x00000000c7700000| Complete |  0
| 120|0x00000000c7800000, 0x00000000c7900000, 0x00000000c7900000|100%| E|CS|TAMS 0x00000000c7800000| PB 0x00000000c7800000| Complete |  0
| 129|0x00000000c8100000, 0x00000000c8200000, 0x00000000c8200000|100%| E|CS|TAMS 0x00000000c8100000| PB 0x00000000c8100000| Complete |  0
| 130|0x00000000c8200000, 0x00000000c8300000, 0x00000000c8300000|100%| E|CS|TAMS 0x00000000c8200000| PB 0x00000000c8200000| Complete |  0
| 131|0x00000000c8300000, 0x00000000c8400000, 0x00000000c8400000|100%| E|CS|TAMS 0x00000000c8300000| PB 0x00000000c8300000| Complete |  0
| 132|0x00000000c8400000, 0x00000000c8500000, 0x00000000c8500000|100%| E|CS|TAMS 0x00000000c8400000| PB 0x00000000c8400000| Complete |  0
| 133|0x00000000c8500000, 0x00000000c8600000, 0x00000000c8600000|100%| E|CS|TAMS 0x00000000c8500000| PB 0x00000000c8500000| Complete |  0
| 156|0x00000000c9c00000, 0x00000000c9d00000, 0x00000000c9d00000|100%| E|CS|TAMS 0x00000000c9c00000| PB 0x00000000c9c00000| Complete |  0

Card table byte_map: [0x000070032aa00000,0x000070032ac00000] _byte_map_base: 0x000070032a400000

Marking Bits: (CMBitMap*) 0x0000700324072160
 Bits: [0x0000700329a00000, 0x000070032aa00000)

Polling page: 0x000070032d467000

Metaspace:
Metaspace        used 54217K, committed 55424K, reserved 1114112K
 class space     used 6349K, committed 6912K, reserved 1048576K

Usage:
  Non-class:     46.75 MB used.
      Class:      6.20 MB used.
       Both:     52.95 MB used.

Virtual space:
  Non-class space:       64.00 MB reserved,      47.38 MB ( 74%) committed,  1 nodes.
      Class space:        1.00 GB reserved,       6.75 MB ( <1%) committed,  1 nodes.
             Both:        1.06 GB reserved,      54.12 MB (  5%) committed. 

Chunk freelists:
   Non-Class:  15.69 MB
       Class:  9.14 MB
        Both:  24.83 MB

MaxMetaspaceSize: unlimited
CompressedClassSpaceSize: 1.00 GB
Initial GC threshold: 21.00 MB
Current GC threshold: 81.38 MB
CDS: off
 - commit_granule_bytes: 65536.
 - commit_granule_words: 8192.
 - virtual_space_node_default_size: 8388608.
 - enlarge_chunks_in_place: 1.
UseCompressedClassPointers 1, UseCompactObjectHeaders 0
Narrow klass pointer bits 32, Max shift 3
Narrow klass base: 0x0000000000000000, Narrow klass shift: 0
Encoding Range: [0x0000000000000000 - 0x0000000100000000), (4294967296 bytes)
Klass Range:    [0x000000003e000000 - 0x000000007e000000), (1073741824 bytes)
Klass ID Range:  [1040187392 - 2113929209) (1073741817)
No protection zone.


Internal statistics:

num_allocs_failed_limit: 6.
num_arena_births: 612.
num_arena_deaths: 0.
num_vsnodes_births: 2.
num_vsnodes_deaths: 0.
num_space_committed: 866.
num_space_uncommitted: 0.
num_chunks_returned_to_freelist: 6.
num_chunks_taken_from_freelist: 2573.
num_chunk_merges: 3.
num_chunk_splits: 1628.
num_chunks_enlarged: 1031.
num_inconsistent_stats: 0.

CodeHeap 'non-profiled nmethods': size=120032Kb used=2370Kb max_used=2452Kb free=117661Kb
 bounds [0x0000700318961000, 0x0000700318bd1000, 0x000070031fe99000]
CodeHeap 'profiled nmethods': size=120032Kb used=8859Kb max_used=8957Kb free=111172Kb
 bounds [0x0000700310e97000, 0x0000700311767000, 0x00007003183cf000]
CodeHeap 'non-nmethods': size=5704Kb used=1886Kb max_used=1966Kb free=3817Kb
 bounds [0x00007003183cf000, 0x000070031863f000, 0x0000700318961000]
CodeCache: size=245768Kb, used=13115Kb, max_used=13375Kb, free=232650Kb
 total_blobs=7031, nmethods=6137, adapters=797, full_count=0
Compilation: enabled, stopped_count=0, restarted_count=0

Compilation events (20 events):
Event: 17.601 Thread 0x0000700324145550 6935       3       jdk.internal.constant.MethodTypeDescImpl::buildDescriptorString (205 bytes)
Event: 17.608 Thread 0x0000700324145550 nmethod 6935 0x000070031132c208 code [0x000070031132c300, 0x000070031132f870]
Event: 17.608 Thread 0x0000700324145550 6936       2       java.lang.invoke.BoundMethodHandle$Species_LLL::make (14 bytes)
Event: 17.608 Thread 0x0000700324145550 nmethod 6936 0x000070031132be08 code [0x000070031132bf00, 0x000070031132c1b0]
Event: 17.608 Thread 0x0000700324145550 6937       2       java.lang.invoke.BoundMethodHandle$Species_LLL::<init> (24 bytes)
Event: 17.609 Thread 0x0000700324145550 nmethod 6937 0x000070031132ba88 code [0x000070031132bb80, 0x000070031132bde8]
Event: 17.617 Thread 0x0000700324145550 6938       2       org.eclipse.e4.core.contexts.ContextFunction::<init> (5 bytes)
Event: 17.617 Thread 0x0000700324145550 nmethod 6938 0x000070031132b788 code [0x000070031132b880, 0x000070031132b978]
Event: 17.618 Thread 0x0000700324145550 6939       2       org.eclipse.core.expressions.CompositeExpression::<init> (5 bytes)
Event: 17.619 Thread 0x0000700324145550 nmethod 6939 0x000070031132b488 code [0x000070031132b580, 0x000070031132b680]
Event: 17.619 Thread 0x0000700324145550 6940       2       org.eclipse.core.commands.ParameterizedCommand::getId (8 bytes)
Event: 17.619 Thread 0x0000700324145550 nmethod 6940 0x000070031132b188 code [0x000070031132b280, 0x000070031132b388]
Event: 17.625 Thread 0x0000700324145550 6941       2       org.eclipse.e4.ui.model.application.impl.ApplicationElementImpl::eIsSet (191 bytes)
Event: 17.626 Thread 0x0000700324145550 nmethod 6941 0x000070031132aa08 code [0x000070031132ab00, 0x000070031132ae80]
Event: 17.657 Thread 0x0000700324143c30 nmethod 6754 0x0000700318a0ca08 code [0x0000700318a0cb00, 0x0000700318a10870]
Event: 17.657 Thread 0x0000700324143c30 6915       4       java.util.Collections$UnmodifiableCollection::size (10 bytes)
Event: 17.658 Thread 0x0000700324143c30 nmethod 6915 0x0000700318a0c488 code [0x0000700318a0c580, 0x0000700318a0c620]
Event: 17.658 Thread 0x0000700324143c30 6860       4       java.util.LinkedHashMap::afterNodeInsertion (40 bytes)
Event: 17.660 Thread 0x0000700324143c30 nmethod 6860 0x0000700318ab8d88 code [0x0000700318ab8e80, 0x0000700318ab8f40]
Event: 17.660 Thread 0x0000700324143c30 6905 %     4       java.util.regex.Pattern$CharPropertyGreedy::match @ 12 (160 bytes)

GC Heap Usage History (20 events):
Event: 10.146 {heap Before GC invocations=4 (full 0):
 garbage-first heap   total reserved 1048576K, committed 65536K, used 44499K [0x00000000c0000000, 0x0000000100000000)
  region size 1024K, 22 young (22528K), 5 survivors (5120K)
}
Event: 10.172 {heap After GC invocations=5 (full 0):
 garbage-first heap   total reserved 1048576K, committed 65536K, used 40960K [0x00000000c0000000, 0x0000000100000000)
  region size 1024K, 3 young (3072K), 3 survivors (3072K)
}
Event: 10.219 {heap Before GC invocations=5 (full 0):
 garbage-first heap   total reserved 1048576K, committed 65536K, used 51200K [0x00000000c0000000, 0x0000000100000000)
  region size 1024K, 13 young (13312K), 3 survivors (3072K)
}
Event: 10.227 {heap After GC invocations=6 (full 0):
 garbage-first heap   total reserved 1048576K, committed 65536K, used 47104K [0x00000000c0000000, 0x0000000100000000)
  region size 1024K, 2 young (2048K), 2 survivors (2048K)
}
Event: 10.259 {heap Before GC invocations=6 (full 0):
 garbage-first heap   total reserved 1048576K, committed 65536K, used 54272K [0x00000000c0000000, 0x0000000100000000)
  region size 1024K, 9 young (9216K), 2 survivors (2048K)
}
Event: 10.264 {heap After GC invocations=7 (full 0):
 garbage-first heap   total reserved 1048576K, committed 65536K, used 49994K [0x00000000c0000000, 0x0000000100000000)
  region size 1024K, 2 young (2048K), 2 survivors (2048K)
}
Event: 10.289 {heap Before GC invocations=7 (full 0):
 garbage-first heap   total reserved 1048576K, committed 65536K, used 57162K [0x00000000c0000000, 0x0000000100000000)
  region size 1024K, 9 young (9216K), 2 survivors (2048K)
}
Event: 10.293 {heap After GC invocations=8 (full 0):
 garbage-first heap   total reserved 1048576K, committed 160768K, used 51692K [0x00000000c0000000, 0x0000000100000000)
  region size 1024K, 2 young (2048K), 2 survivors (2048K)
}
Event: 10.861 {heap Before GC invocations=9 (full 0):
 garbage-first heap   total reserved 1048576K, committed 160768K, used 97772K [0x00000000c0000000, 0x0000000100000000)
  region size 1024K, 47 young (48128K), 2 survivors (2048K)
}
Event: 10.875 {heap After GC invocations=10 (full 0):
 garbage-first heap   total reserved 1048576K, committed 160768K, used 61643K [0x00000000c0000000, 0x0000000100000000)
  region size 1024K, 6 young (6144K), 6 survivors (6144K)
}
Event: 11.669 {heap Before GC invocations=10 (full 0):
 garbage-first heap   total reserved 1048576K, committed 160768K, used 102603K [0x00000000c0000000, 0x0000000100000000)
  region size 1024K, 47 young (48128K), 6 survivors (6144K)
}
Event: 11.683 {heap After GC invocations=11 (full 0):
 garbage-first heap   total reserved 1048576K, committed 160768K, used 66440K [0x00000000c0000000, 0x0000000100000000)
  region size 1024K, 6 young (6144K), 6 survivors (6144K)
}
Event: 13.406 {heap Before GC invocations=11 (full 0):
 garbage-first heap   total reserved 1048576K, committed 160768K, used 87944K [0x00000000c0000000, 0x0000000100000000)
  region size 1024K, 29 young (29696K), 6 survivors (6144K)
}
Event: 13.413 {heap After GC invocations=12 (full 0):
 garbage-first heap   total reserved 1048576K, committed 160768K, used 70854K [0x00000000c0000000, 0x0000000100000000)
  region size 1024K, 5 young (5120K), 5 survivors (5120K)
}
Event: 14.162 {heap Before GC invocations=13 (full 0):
 garbage-first heap   total reserved 1048576K, committed 130048K, used 83142K [0x00000000c0000000, 0x0000000100000000)
  region size 1024K, 48 young (49152K), 5 survivors (5120K)
}
Event: 14.169 {heap After GC invocations=14 (full 0):
 garbage-first heap   total reserved 1048576K, committed 130048K, used 41932K [0x00000000c0000000, 0x0000000100000000)
  region size 1024K, 3 young (3072K), 3 survivors (3072K)
}
Event: 14.223 {heap Before GC invocations=14 (full 0):
 garbage-first heap   total reserved 1048576K, committed 130048K, used 89036K [0x00000000c0000000, 0x0000000100000000)
  region size 1024K, 49 young (50176K), 3 survivors (3072K)
}
Event: 14.227 {heap After GC invocations=15 (full 0):
 garbage-first heap   total reserved 1048576K, committed 130048K, used 33080K [0x00000000c0000000, 0x0000000100000000)
  region size 1024K, 3 young (3072K), 3 survivors (3072K)
}
Event: 16.504 {heap Before GC invocations=15 (full 0):
 garbage-first heap   total reserved 1048576K, committed 130048K, used 91448K [0x00000000c0000000, 0x0000000100000000)
  region size 1024K, 57 young (58368K), 3 survivors (3072K)
}
Event: 16.517 {heap After GC invocations=16 (full 0):
 garbage-first heap   total reserved 1048576K, committed 130048K, used 41076K [0x00000000c0000000, 0x0000000100000000)
  region size 1024K, 8 young (8192K), 8 survivors (8192K)
}

Metaspace Usage History (20 events):
Event: 10.146 {metaspace Before GC invocations=4 (full 0):
 Metaspace       used 17574K, committed 17728K, reserved 1114112K
  class space    used 1728K, committed 1792K, reserved 1048576K
}
Event: 10.172 {metaspace After GC invocations=5 (full 0):
 Metaspace       used 17574K, committed 17728K, reserved 1114112K
  class space    used 1728K, committed 1792K, reserved 1048576K
}
Event: 10.219 {metaspace Before GC invocations=5 (full 0):
 Metaspace       used 17596K, committed 17792K, reserved 1114112K
  class space    used 1728K, committed 1792K, reserved 1048576K
}
Event: 10.227 {metaspace After GC invocations=6 (full 0):
 Metaspace       used 17596K, committed 17792K, reserved 1114112K
  class space    used 1728K, committed 1792K, reserved 1048576K
}
Event: 10.259 {metaspace Before GC invocations=6 (full 0):
 Metaspace       used 17599K, committed 17792K, reserved 1114112K
  class space    used 1728K, committed 1792K, reserved 1048576K
}
Event: 10.264 {metaspace After GC invocations=7 (full 0):
 Metaspace       used 17599K, committed 17792K, reserved 1114112K
  class space    used 1728K, committed 1792K, reserved 1048576K
}
Event: 10.289 {metaspace Before GC invocations=7 (full 0):
 Metaspace       used 17599K, committed 17792K, reserved 1114112K
  class space    used 1728K, committed 1792K, reserved 1048576K
}
Event: 10.293 {metaspace After GC invocations=8 (full 0):
 Metaspace       used 17599K, committed 17792K, reserved 1114112K
  class space    used 1728K, committed 1792K, reserved 1048576K
}
Event: 10.861 {metaspace Before GC invocations=9 (full 0):
 Metaspace       used 20330K, committed 20544K, reserved 1114112K
  class space    used 2059K, committed 2176K, reserved 1048576K
}
Event: 10.875 {metaspace After GC invocations=10 (full 0):
 Metaspace       used 20330K, committed 20544K, reserved 1114112K
  class space    used 2059K, committed 2176K, reserved 1048576K
}
Event: 11.669 {metaspace Before GC invocations=10 (full 0):
 Metaspace       used 21328K, committed 21568K, reserved 1114112K
  class space    used 2135K, committed 2240K, reserved 1048576K
}
Event: 11.683 {metaspace After GC invocations=11 (full 0):
 Metaspace       used 21328K, committed 21568K, reserved 1114112K
  class space    used 2135K, committed 2240K, reserved 1048576K
}
Event: 13.406 {metaspace Before GC invocations=11 (full 0):
 Metaspace       used 29014K, committed 29696K, reserved 1114112K
  class space    used 2988K, committed 3264K, reserved 1048576K
}
Event: 13.413 {metaspace After GC invocations=12 (full 0):
 Metaspace       used 29014K, committed 29696K, reserved 1114112K
  class space    used 2988K, committed 3264K, reserved 1048576K
}
Event: 14.162 {metaspace Before GC invocations=13 (full 0):
 Metaspace       used 33440K, committed 34176K, reserved 1114112K
  class space    used 3576K, committed 3904K, reserved 1048576K
}
Event: 14.169 {metaspace After GC invocations=14 (full 0):
 Metaspace       used 33440K, committed 34176K, reserved 1114112K
  class space    used 3576K, committed 3904K, reserved 1048576K
}
Event: 14.223 {metaspace Before GC invocations=14 (full 0):
 Metaspace       used 33447K, committed 34176K, reserved 1114112K
  class space    used 3576K, committed 3904K, reserved 1048576K
}
Event: 14.227 {metaspace After GC invocations=15 (full 0):
 Metaspace       used 33447K, committed 34176K, reserved 1114112K
  class space    used 3576K, committed 3904K, reserved 1048576K
}
Event: 16.504 {metaspace Before GC invocations=15 (full 0):
 Metaspace       used 48794K, committed 49856K, reserved 1114112K
  class space    used 5652K, committed 6144K, reserved 1048576K
}
Event: 16.517 {metaspace After GC invocations=16 (full 0):
 Metaspace       used 48794K, committed 49856K, reserved 1114112K
  class space    used 5652K, committed 6144K, reserved 1048576K
}

Dll operation events (20 events):
Event: 0.457 Loaded shared library /snap/dbeaver-ce/549/usr/share/dbeaver-ce/jre/lib/libjava.so
Event: 0.921 Loaded shared library /snap/dbeaver-ce/549/usr/share/dbeaver-ce/jre/lib/libsimdsort.so
Event: 1.176 Loaded shared library /snap/dbeaver-ce/549/usr/share/dbeaver-ce/jre/lib/libnio.so
Event: 1.195 Loaded shared library /snap/dbeaver-ce/549/usr/share/dbeaver-ce/jre/lib/libzip.so
Event: 1.302 Loaded shared library /snap/dbeaver-ce/549/usr/share/dbeaver-ce/jre/lib/libnet.so
Event: 1.384 Loaded shared library /snap/dbeaver-ce/549/usr/share/dbeaver-ce/jre/lib/libjimage.so
Event: 1.755 Loaded shared library /snap/dbeaver-ce/549/usr/share/dbeaver-ce/plugins/org.eclipse.equinox.launcher.gtk.linux.x86_64_1.2.1500.v20250801-0854/eclipse_11916.so
Event: 12.619 Loaded shared library /snap/dbeaver-ce/549/usr/share/dbeaver-ce/jre/lib/libverify.so
Event: 12.741 Loaded shared library /home/amina/snap/dbeaver-ce/549/.local/share/DBeaverData/install-data/org.jkiss.dbeaver.product/26.2.0-202608301738/org.eclipse.osgi/152/0/.cp/libswt-gtk-4973r12.so
Event: 12.746 Loaded shared library /home/amina/snap/dbeaver-ce/549/.local/share/DBeaverData/install-data/org.jkiss.dbeaver.product/26.2.0-202608301738/org.eclipse.osgi/152/0/.cp/libswt-pi3-gtk-4973r12.so
Event: 13.061 Loaded shared library /snap/dbeaver-ce/549/usr/share/dbeaver-ce/jre/lib/libawt.so
Event: 13.098 Loaded shared library /snap/dbeaver-ce/549/usr/share/dbeaver-ce/jre/lib/libawt_xawt.so
Event: 13.312 Loaded shared library /snap/dbeaver-ce/549/usr/share/dbeaver-ce/jre/lib/libfontmanager.so
Event: 14.527 Loaded shared library /snap/dbeaver-ce/549/usr/share/dbeaver-ce/jre/lib/libmanagement.so
Event: 14.533 Loaded shared library /snap/dbeaver-ce/549/usr/share/dbeaver-ce/jre/lib/libmanagement_ext.so
Event: 14.743 Loaded shared library /snap/dbeaver-ce/549/usr/share/dbeaver-ce/jre/lib/libjaas.so
Event: 14.814 Loaded shared library /home/amina/snap/dbeaver-ce/549/.local/share/DBeaverData/install-data/org.jkiss.dbeaver.product/26.2.0-202608301738/org.eclipse.osgi/49/0/.cp/os/linux/x86_64/libunixfile_1_0_0.so
Event: 14.980 Loaded shared library /home/amina/snap/dbeaver-ce/549/.local/share/DBeaverData/install-data/org.jkiss.dbeaver.product/26.2.0-202608301738/org.eclipse.osgi/152/0/.cp/libswt-cairo-gtk-4973r12.so
Event: 15.121 Loaded shared library /snap/dbeaver-ce/549/usr/share/dbeaver-ce/jre/lib/libextnet.so
Event: 16.045 Loaded shared library /home/amina/snap/dbeaver-ce/549/.local/share/DBeaverData/install-data/org.jkiss.dbeaver.product/26.2.0-202608301738/org.eclipse.osgi/152/0/.cp/libswt-atk-gtk-4973r12.so

Deoptimization events (20 events):
Event: 17.357 Thread 0x000070032402e600 DEOPT PACKING pc=0x0000700318b88588 sp=0x000070032b9028c0
Event: 17.357 Thread 0x000070032402e600 DEOPT UNPACKING pc=0x00007003184f0779 sp=0x000070032b902870 mode 2
Event: 17.370 Thread 0x000070032402e600 Uncommon trap: trap_request=0xffffff45 fr.pc=0x0000700318a1cdbc relative=0x00000000000003bc
Event: 17.370 Thread 0x000070032402e600 Uncommon trap: reason=unstable_if action=reinterpret pc=0x0000700318a1cdbc method=java.lang.invoke.MethodType.methodType(Ljava/lang/Class;[Ljava/lang/Class;Z)Ljava/lang/invoke/MethodType; @ 53 c2
Event: 17.370 Thread 0x000070032402e600 DEOPT PACKING pc=0x0000700318a1cdbc sp=0x000070032b8fecb0
Event: 17.370 Thread 0x000070032402e600 DEOPT UNPACKING pc=0x00007003184f0779 sp=0x000070032b8fec50 mode 2
Event: 17.391 Thread 0x000070032402e600 Uncommon trap: trap_request=0xffffffde fr.pc=0x0000700318b88588 relative=0x0000000000000088
Event: 17.391 Thread 0x000070032402e600 Uncommon trap: reason=class_check action=maybe_recompile pc=0x0000700318b88588 method=org.eclipse.emf.common.notify.impl.BasicNotifierImpl.eNotificationRequired()Z @ 8 c2
Event: 17.391 Thread 0x000070032402e600 DEOPT PACKING pc=0x0000700318b88588 sp=0x000070032b902840
Event: 17.391 Thread 0x000070032402e600 DEOPT UNPACKING pc=0x00007003184f0779 sp=0x000070032b9027f0 mode 2
Event: 17.456 Thread 0x000070032402e600 Uncommon trap: trap_request=0xffffffde fr.pc=0x0000700318b88588 relative=0x0000000000000088
Event: 17.456 Thread 0x000070032402e600 Uncommon trap: reason=class_check action=maybe_recompile pc=0x0000700318b88588 method=org.eclipse.emf.common.notify.impl.BasicNotifierImpl.eNotificationRequired()Z @ 8 c2
Event: 17.456 Thread 0x000070032402e600 DEOPT PACKING pc=0x0000700318b88588 sp=0x000070032b900e70
Event: 17.456 Thread 0x000070032402e600 DEOPT UNPACKING pc=0x00007003184f0779 sp=0x000070032b900e20 mode 2
Event: 17.509 Thread 0x000070032402e600 DEOPT PACKING pc=0x0000700311719017 sp=0x000070032b901fe0
Event: 17.509 Thread 0x000070032402e600 DEOPT UNPACKING pc=0x000070031841ffef sp=0x000070032b9014b0 mode 0
Event: 17.510 Thread 0x000070032402e600 DEOPT PACKING pc=0x0000700311719017 sp=0x000070032b901f60
Event: 17.510 Thread 0x000070032402e600 DEOPT UNPACKING pc=0x000070031841ffef sp=0x000070032b901430 mode 0
Event: 17.512 Thread 0x000070032402e600 DEOPT PACKING pc=0x0000700311719017 sp=0x000070032b901f60
Event: 17.512 Thread 0x000070032402e600 DEOPT UNPACKING pc=0x000070031841ffef sp=0x000070032b901430 mode 0

Classes loaded (20 events):
Event: 17.496 Loading class java/util/concurrent/CompletableFuture$Completion
Event: 17.497 Loading class java/util/concurrent/CompletableFuture$AsynchronousCompletionTask
Event: 17.497 Loading class java/util/concurrent/CompletableFuture$AsynchronousCompletionTask done
Event: 17.497 Loading class java/util/concurrent/CompletableFuture$Completion done
Event: 17.497 Loading class java/util/concurrent/CompletableFuture$AsyncSupply
Event: 17.497 Loading class java/util/concurrent/CompletableFuture$AsyncSupply done
Event: 17.497 Loading class java/util/concurrent/ForkJoinTask$Aux
Event: 17.497 Loading class java/util/concurrent/ForkJoinTask$Aux done
Event: 17.523 Loading class java/text/CollationElementIterator
Event: 17.523 Loading class java/text/CollationElementIterator done
Event: 17.523 Loading class sun/text/CollatorUtilities
Event: 17.523 Loading class sun/text/CollatorUtilities done
Event: 17.523 Loading class jdk/internal/icu/text/UCharacterIterator
Event: 17.523 Loading class jdk/internal/icu/text/UCharacterIterator done
Event: 17.523 Loading class jdk/internal/icu/impl/ReplaceableUCharacterIterator
Event: 17.523 Loading class jdk/internal/icu/impl/ReplaceableUCharacterIterator done
Event: 17.523 Loading class jdk/internal/icu/text/ReplaceableString
Event: 17.523 Loading class jdk/internal/icu/text/Replaceable
Event: 17.523 Loading class jdk/internal/icu/text/Replaceable done
Event: 17.523 Loading class jdk/internal/icu/text/ReplaceableString done

Classes unloaded (0 events):
No events

Classes redefined (0 events):
No events

Internal exceptions (20 events):
Event: 17.107 Thread 0x000070032402e600 Exception <a 'java/io/FileNotFoundException'{0x00000000c6f1d360}> (0x00000000c6f1d360) 
thrown [src/hotspot/share/prims/jni.cpp, line 516]
Event: 17.291 Thread 0x000070032402e600 Exception <a 'java/lang/NoSuchMethodError'{0x00000000c6e48a38}: 'void java.lang.invoke.DirectMethodHandle$Holder.invokeStatic(java.lang.Object, int)'> (0x00000000c6e48a38) 
thrown [src/hotspot/share/interpreter/linkResolver.cpp, line 803]
Event: 17.327 Thread 0x000070032402e600 Exception <a 'java/io/FileNotFoundException'{0x00000000c6edb230}> (0x00000000c6edb230) 
thrown [src/hotspot/share/prims/jni.cpp, line 516]
Event: 17.328 Thread 0x000070032402e600 Exception <a 'java/io/FileNotFoundException'{0x00000000c6edc458}> (0x00000000c6edc458) 
thrown [src/hotspot/share/prims/jni.cpp, line 516]
Event: 17.328 Thread 0x000070032402e600 Exception <a 'java/io/FileNotFoundException'{0x00000000c6edd620}> (0x00000000c6edd620) 
thrown [src/hotspot/share/prims/jni.cpp, line 516]
Event: 17.328 Thread 0x000070032402e600 Exception <a 'java/io/FileNotFoundException'{0x00000000c6ede858}> (0x00000000c6ede858) 
thrown [src/hotspot/share/prims/jni.cpp, line 516]
Event: 17.328 Thread 0x000070032402e600 Exception <a 'java/io/FileNotFoundException'{0x00000000c6edfac8}> (0x00000000c6edfac8) 
thrown [src/hotspot/share/prims/jni.cpp, line 516]
Event: 17.328 Thread 0x000070032402e600 Exception <a 'java/io/FileNotFoundException'{0x00000000c6ee0d48}> (0x00000000c6ee0d48) 
thrown [src/hotspot/share/prims/jni.cpp, line 516]
Event: 17.328 Thread 0x000070032402e600 Exception <a 'java/io/FileNotFoundException'{0x00000000c6ee1f30}> (0x00000000c6ee1f30) 
thrown [src/hotspot/share/prims/jni.cpp, line 516]
Event: 17.328 Thread 0x000070032402e600 Exception <a 'java/io/FileNotFoundException'{0x00000000c6ee3148}> (0x00000000c6ee3148) 
thrown [src/hotspot/share/prims/jni.cpp, line 516]
Event: 17.328 Thread 0x000070032402e600 Exception <a 'java/io/FileNotFoundException'{0x00000000c6ee4328}> (0x00000000c6ee4328) 
thrown [src/hotspot/share/prims/jni.cpp, line 516]
Event: 17.328 Thread 0x000070032402e600 Exception <a 'java/io/FileNotFoundException'{0x00000000c6ee54f0}> (0x00000000c6ee54f0) 
thrown [src/hotspot/share/prims/jni.cpp, line 516]
Event: 17.328 Thread 0x000070032402e600 Exception <a 'java/io/FileNotFoundException'{0x00000000c6ee67e8}> (0x00000000c6ee67e8) 
thrown [src/hotspot/share/prims/jni.cpp, line 516]
Event: 17.328 Thread 0x000070032402e600 Exception <a 'java/io/FileNotFoundException'{0x00000000c6ee7d38}> (0x00000000c6ee7d38) 
thrown [src/hotspot/share/prims/jni.cpp, line 516]
Event: 17.328 Thread 0x000070032402e600 Exception <a 'java/io/FileNotFoundException'{0x00000000c6ee8fa8}> (0x00000000c6ee8fa8) 
thrown [src/hotspot/share/prims/jni.cpp, line 516]
Event: 17.338 Thread 0x000070032402e600 Exception <a 'java/lang/NoSuchMethodError'{0x00000000c6d15268}: 'void java.lang.invoke.DirectMethodHandle$Holder.invokeVirtual(java.lang.Object, java.lang.Object, java.lang.Object, int)'> (0x00000000c6d15268) 
thrown [src/hotspot/share/interpreter/linkResolver.cpp, line 803]
Event: 17.339 Thread 0x000070032402e600 Exception <a 'java/lang/NoSuchMethodError'{0x00000000c6d259a0}: 'java.lang.Object java.lang.invoke.DirectMethodHandle$Holder.invokeVirtual(java.lang.Object, java.lang.Object, java.lang.Object)'> (0x00000000c6d259a0) 
thrown [src/hotspot/share/interpreter/linkResolver.cpp, line 803]
Event: 17.342 Thread 0x000070032402e600 Exception <a 'java/lang/NoSuchMethodError'{0x00000000c6d3e440}: 'java.lang.Object java.lang.invoke.DirectMethodHandle$Holder.newInvokeSpecial(java.lang.Object, java.lang.Object, int)'> (0x00000000c6d3e440) 
thrown [src/hotspot/share/interpreter/linkResolver.cpp, line 803]
Event: 17.343 Thread 0x000070032402e600 Exception <a 'java/lang/NoSuchMethodError'{0x00000000c6d46e48}: 'java.lang.Object java.lang.invoke.Invokers$Holder.invoke_MT(java.lang.Object, java.lang.Object, java.lang.Object, java.lang.Object, java.lang.Object)'> (0x00000000c6d46e48) 
thrown [src/hotspot/share/interpreter/linkResolver.cpp, line 803]
Event: 17.488 Thread 0x000070032402e600 Exception <a 'java/io/FileNotFoundException'{0x00000000c6a12810}> (0x00000000c6a12810) 
thrown [src/hotspot/share/prims/jni.cpp, line 516]

VM Operations (20 events):
Event: 16.303 Executing non-safepoint VM operation: HandshakeAllThreads (Deoptimize)
Event: 16.303 Executing non-safepoint VM operation: HandshakeAllThreads (Deoptimize) done
Event: 16.305 Executing non-safepoint VM operation: HandshakeAllThreads (Deoptimize)
Event: 16.305 Executing non-safepoint VM operation: HandshakeAllThreads (Deoptimize) done
Event: 16.504 Executing safepoint VM operation: CollectForMetadataAllocation (Metadata GC Threshold)
Event: 16.517 Executing safepoint VM operation: CollectForMetadataAllocation (Metadata GC Threshold) done
Event: 16.573 Executing non-safepoint VM operation: HandshakeAllThreads (Deoptimize)
Event: 16.573 Executing non-safepoint VM operation: HandshakeAllThreads (Deoptimize) done
Event: 16.575 Executing safepoint VM operation: G1PauseRemark
Event: 16.581 Executing safepoint VM operation: G1PauseRemark done
Event: 16.599 Executing safepoint VM operation: G1PauseCleanup
Event: 16.599 Executing safepoint VM operation: G1PauseCleanup done
Event: 16.640 Executing non-safepoint VM operation: HandshakeAllThreads (Deoptimize)
Event: 16.640 Executing non-safepoint VM operation: HandshakeAllThreads (Deoptimize) done
Event: 17.336 Executing non-safepoint VM operation: HandshakeAllThreads (Deoptimize)
Event: 17.336 Executing non-safepoint VM operation: HandshakeAllThreads (Deoptimize) done
Event: 17.341 Executing non-safepoint VM operation: HandshakeAllThreads (Deoptimize)
Event: 17.341 Executing non-safepoint VM operation: HandshakeAllThreads (Deoptimize) done
Event: 17.377 Executing non-safepoint VM operation: HandshakeAllThreads (Deoptimize)
Event: 17.377 Executing non-safepoint VM operation: HandshakeAllThreads (Deoptimize) done

Memory protections (20 events):
Event: 10.586 Protecting memory [0x00007002c4fed000,0x00007002c4ff1000] with protection modes 0
Event: 11.808 Protecting memory [0x00007002c4eed000,0x00007002c4ef1000] with protection modes 0
Event: 12.091 Protecting memory [0x00007002c4ded000,0x00007002c4df1000] with protection modes 0
Event: 12.104 Protecting memory [0x00007002c4ced000,0x00007002c4cf1000] with protection modes 0
Event: 12.104 Protecting memory [0x00007002c4bed000,0x00007002c4bf1000] with protection modes 0
Event: 12.470 Protecting memory [0x00007002c4bed000,0x00007002c4bf1000] with protection modes 0
Event: 12.758 Protecting memory [0x00007002c4ced000,0x00007002c4cf1000] with protection modes 0
Event: 13.405 Protecting memory [0x00007002c51ee000,0x00007002c51f2000] with protection modes 0
Event: 13.416 Protecting memory [0x00007002c4698000,0x00007002c469c000] with protection modes 0
Event: 14.625 Protecting memory [0x00007002c4589000,0x00007002c458d000] with protection modes 0
Event: 14.828 Protecting memory [0x00007002c4489000,0x00007002c448d000] with protection modes 0
Event: 14.994 Protecting memory [0x00007002c407d000,0x00007002c4081000] with protection modes 0
Event: 14.995 Protecting memory [0x000070023e6fd000,0x000070023e701000] with protection modes 0
Event: 15.130 Protecting memory [0x000070023e1fd000,0x000070023e201000] with protection modes 0
Event: 15.137 Protecting memory [0x000070023e0fd000,0x000070023e101000] with protection modes 0
Event: 15.939 Protecting memory [0x000070023dffd000,0x000070023e001000] with protection modes 0
Event: 16.979 Protecting memory [0x000070023d6fd000,0x000070023d701000] with protection modes 0
Event: 17.488 Protecting memory [0x000070023d6fd000,0x000070023d701000] with protection modes 0
Event: 17.498 Protecting memory [0x000070023c700000,0x000070023c704000] with protection modes 0
Event: 17.500 Protecting memory [0x000070023c600000,0x000070023c604000] with protection modes 0

Nmethod flushes (20 events):
Event: 16.580 Thread 0x00007003240d9db0 flushing  nmethod 0x00007003111d0308
Event: 16.580 Thread 0x00007003240d9db0 flushing  nmethod 0x00007003111d2d88
Event: 16.580 Thread 0x00007003240d9db0 flushing  nmethod 0x0000700311240288
Event: 16.580 Thread 0x00007003240d9db0 flushing  nmethod 0x0000700311265108
Event: 16.580 Thread 0x00007003240d9db0 flushing  nmethod 0x0000700311296a88
Event: 16.580 Thread 0x00007003240d9db0 flushing  nmethod 0x0000700311310788
Event: 16.580 Thread 0x00007003240d9db0 flushing  nmethod 0x0000700311310a88
Event: 16.580 Thread 0x00007003240d9db0 flushing  nmethod 0x0000700311334888
Event: 16.580 Thread 0x00007003240d9db0 flushing  nmethod 0x0000700311337488
Event: 16.580 Thread 0x00007003240d9db0 flushing  nmethod 0x000070031133af08
Event: 16.580 Thread 0x00007003240d9db0 flushing  nmethod 0x0000700311381d88
Event: 16.580 Thread 0x00007003240d9db0 flushing  nmethod 0x0000700311382308
Event: 16.580 Thread 0x00007003240d9db0 flushing  nmethod 0x0000700311382f08
Event: 16.580 Thread 0x00007003240d9db0 flushing  nmethod 0x0000700311384108
Event: 16.580 Thread 0x00007003240d9db0 flushing  nmethod 0x0000700311386508
Event: 16.580 Thread 0x00007003240d9db0 flushing  nmethod 0x00007003113b6608
Event: 16.580 Thread 0x00007003240d9db0 flushing  nmethod 0x000070031140a408
Event: 16.580 Thread 0x00007003240d9db0 flushing  nmethod 0x000070031140b088
Event: 16.580 Thread 0x00007003240d9db0 flushing  nmethod 0x000070031140b988
Event: 16.580 Thread 0x00007003240d9db0 flushing  nmethod 0x000070031147b108

Events (20 events):
Event: 12.104 Thread 0x000070025400ab40 Thread added: 0x0000700248000f50
Event: 12.118 Thread 0x000070025400ab40 Thread exited: 0x000070025400ab40
Event: 12.118 Thread 0x0000700248000f50 Thread exited: 0x0000700248000f50
Event: 12.470 Thread 0x000070032485c520 Thread added: 0x00007002b405da50
Event: 12.757 Thread 0x000070032402e600 Thread added: 0x00007003242a4820
Event: 12.947 Thread 0x00007002d4537b10 Thread exited: 0x00007002d4537b10
Event: 13.404 Thread 0x000070032402e600 Thread added: 0x00007003246e7230
Event: 13.416 Thread 0x000070032402e600 Thread added: 0x00007003246e8220
Event: 14.625 Thread 0x000070032402e600 Thread added: 0x0000700324a6e0c0
Event: 14.828 Thread 0x000070032402e600 Thread added: 0x0000700324b5b780
Event: 14.993 Thread 0x0000700324a6e0c0 Thread added: 0x0000700244002460
Event: 14.994 Thread 0x0000700324a6e0c0 Thread added: 0x00007002440038d0
Event: 15.130 Thread 0x000070032402e600 Thread added: 0x00007003248f06e0
Event: 15.137 Thread 0x000070032402e600 Thread added: 0x00007003248f3960
Event: 15.939 Thread 0x000070032402e600 Thread added: 0x0000700324e6af30
Event: 16.979 Thread 0x000070032402e600 Thread added: 0x0000700325145990
Event: 16.985 Thread 0x0000700325145990 Thread exited: 0x0000700325145990
Event: 17.488 Thread 0x000070032402e600 Thread added: 0x0000700324f44e10
Event: 17.498 Thread 0x0000700324f44e10 Thread added: 0x0000700210003180
Event: 17.500 Thread 0x0000700324f44e10 Thread added: 0x00007002100053f0


Dynamic libraries:
3e000000-3e080000 rw-p 00000000 00:00 0 
3e080000-3e0a0000 rw-p 00000000 00:00 0 
3e0a0000-3e0c0000 rw-p 00000000 00:00 0 
3e0c0000-3e140000 rw-p 00000000 00:00 0 
3e140000-3e1c0000 rw-p 00000000 00:00 0 
3e1c0000-3e200000 rw-p 00000000 00:00 0 
3e200000-3e260000 rw-p 00000000 00:00 0 
3e260000-3e280000 rw-p 00000000 00:00 0 
3e280000-3e340000 rw-p 00000000 00:00 0 
3e340000-3e380000 rw-p 00000000 00:00 0 
3e380000-3e4c0000 rw-p 00000000 00:00 0 
3e4c0000-3e4e0000 rw-p 00000000 00:00 0 
3e4e0000-3e500000 ---p 00000000 00:00 0 
3e500000-3e6e0000 rw-p 00000000 00:00 0 
3e6e0000-7e000000 ---p 00000000 00:00 0 
c0000000-c7900000 rw-p 00000000 00:00 0 
c7900000-c8100000 ---p 00000000 00:00 0 
c8100000-c8600000 rw-p 00000000 00:00 0 
c8600000-c9c00000 ---p 00000000 00:00 0 
c9c00000-c9d00000 rw-p 00000000 00:00 0 
c9d00000-100000000 ---p 00000000 00:00 0 
5a331b346000-5a331b347000 r--p 00000000 07:26 1615                       /snap/dbeaver-ce/549/usr/share/dbeaver-ce/jre/bin/java
5a331b347000-5a331b348000 r-xp 00001000 07:26 1615                       /snap/dbeaver-ce/549/usr/share/dbeaver-ce/jre/bin/java
5a331b348000-5a331b349000 r--p 00002000 07:26 1615                       /snap/dbeaver-ce/549/usr/share/dbeaver-ce/jre/bin/java
5a331b349000-5a331b34a000 r--p 00002000 07:26 1615                       /snap/dbeaver-ce/549/usr/share/dbeaver-ce/jre/bin/java
5a331b34a000-5a331b34b000 rw-p 00003000 07:26 1615                       /snap/dbeaver-ce/549/usr/share/dbeaver-ce/jre/bin/java
5a334894e000-5a3348999000 rw-p 00000000 00:00 0                          [heap]
700208000000-700208021000 rw-p 00000000 00:00 0 
700208021000-70020c000000 ---p 00000000 00:00 0 
70020c000000-70020c021000 rw-p 00000000 00:00 0 
70020c021000-700210000000 ---p 00000000 00:00 0 
700210000000-700210021000 rw-p 00000000 00:00 0 
700210021000-700214000000 ---p 00000000 00:00 0 
700216200000-70021a200000 rw-s 00000000 00:01 66301                      /memfd:pulseaudio (deleted)
70021a200000-70021a201000 r--p 00000000 103:02 14040526                  /usr/lib/x86_64-linux-gnu/libicudata.so.74.2
70021a201000-70021a202000 r-xp 00001000 103:02 14040526                  /usr/lib/x86_64-linux-gnu/libicudata.so.74.2
70021a202000-70021bf5e000 r--p 00002000 103:02 14040526                  /usr/lib/x86_64-linux-gnu/libicudata.so.74.2
70021bf5e000-70021bf5f000 r--p 01d5d000 103:02 14040526                  /usr/lib/x86_64-linux-gnu/libicudata.so.74.2
70021bf5f000-70021bf60000 rw-p 01d5e000 103:02 14040526                  /usr/lib/x86_64-linux-gnu/libicudata.so.74.2
70021c000000-70021c021000 rw-p 00000000 00:00 0 
70021c021000-700220000000 ---p 00000000 00:00 0 
700220000000-700220021000 rw-p 00000000 00:00 0 
700220021000-700224000000 ---p 00000000 00:00 0 
700224000000-700224021000 rw-p 00000000 00:00 0 
700224021000-700228000000 ---p 00000000 00:00 0 
700228000000-700228021000 rw-p 00000000 00:00 0 
700228021000-70022c000000 ---p 00000000 00:00 0 
70022c000000-70022c021000 rw-p 00000000 00:00 0 
70022c021000-700230000000 ---p 00000000 00:00 0 
700230000000-700230021000 rw-p 00000000 00:00 0 
700230021000-700234000000 ---p 00000000 00:00 0 
700234000000-700234021000 rw-p 00000000 00:00 0 
700234021000-700238000000 ---p 00000000 00:00 0 
700238000000-700238021000 rw-p 00000000 00:00 0 
700238021000-70023c000000 ---p 00000000 00:00 0 
70023c600000-70023c604000 ---p 00000000 00:00 0 
70023c604000-70023c700000 rw-p 00000000 00:00 0 
70023c700000-70023c704000 ---p 00000000 00:00 0 
70023c704000-70023c800000 rw-p 00000000 00:00 0 
70023c800000-70023c89d000 r--p 00000000 103:02 14026580                  /usr/lib/x86_64-linux-gnu/libstdc++.so.6.0.33
70023c89d000-70023c9e5000 r-xp 0009d000 103:02 14026580                  /usr/lib/x86_64-linux-gnu/libstdc++.so.6.0.33
70023c9e5000-70023ca6c000 r--p 001e5000 103:02 14026580                  /usr/lib/x86_64-linux-gnu/libstdc++.so.6.0.33
70023ca6c000-70023ca77000 r--p 0026b000 103:02 14026580                  /usr/lib/x86_64-linux-gnu/libstdc++.so.6.0.33
70023ca77000-70023ca7a000 rw-p 00276000 103:02 14026580                  /usr/lib/x86_64-linux-gnu/libstdc++.so.6.0.33
70023ca7a000-70023ca7e000 rw-p 00000000 00:00 0 
70023ca83000-70023ca89000 r--p 00000000 103:02 14040625                  /usr/lib/x86_64-linux-gnu/libmp3lame.so.0.0.0
70023ca89000-70023caba000 r-xp 00006000 103:02 14040625                  /usr/lib/x86_64-linux-gnu/libmp3lame.so.0.0.0
70023caba000-70023caca000 r--p 00037000 103:02 14040625                  /usr/lib/x86_64-linux-gnu/libmp3lame.so.0.0.0
70023caca000-70023cacb000 r--p 00047000 103:02 14040625                  /usr/lib/x86_64-linux-gnu/libmp3lame.so.0.0.0
70023cacb000-70023cacc000 rw-p 00048000 103:02 14040625                  /usr/lib/x86_64-linux-gnu/libmp3lame.so.0.0.0
70023cacc000-70023caf9000 rw-p 00000000 00:00 0 
70023caf9000-70023cafe000 r--p 00000000 103:02 14040628                  /usr/lib/x86_64-linux-gnu/libmpg123.so.0.48.2
70023cafe000-70023cb39000 r-xp 00005000 103:02 14040628                  /usr/lib/x86_64-linux-gnu/libmpg123.so.0.48.2
70023cb39000-70023cb53000 r--p 00040000 103:02 14040628                  /usr/lib/x86_64-linux-gnu/libmpg123.so.0.48.2
70023cb53000-70023cb54000 r--p 0005a000 103:02 14040628                  /usr/lib/x86_64-linux-gnu/libmpg123.so.0.48.2
70023cb54000-70023cb55000 rw-p 0005b000 103:02 14040628                  /usr/lib/x86_64-linux-gnu/libmpg123.so.0.48.2
70023cb55000-70023cb69000 r--p 00000000 103:02 14040914                  /usr/lib/x86_64-linux-gnu/libvorbisenc.so.2.0.12
70023cb69000-70023cb6c000 r-xp 00014000 103:02 14040914                  /usr/lib/x86_64-linux-gnu/libvorbisenc.so.2.0.12
70023cb6c000-70023cbe3000 r--p 00017000 103:02 14040914                  /usr/lib/x86_64-linux-gnu/libvorbisenc.so.2.0.12
70023cbe3000-70023cbff000 r--p 0008d000 103:02 14040914                  /usr/lib/x86_64-linux-gnu/libvorbisenc.so.2.0.12
70023cbff000-70023cc00000 rw-p 000a9000 103:02 14040914                  /usr/lib/x86_64-linux-gnu/libvorbisenc.so.2.0.12
70023cc00000-70023cc68000 r--p 00000000 103:02 14040531                  /usr/lib/x86_64-linux-gnu/libicuuc.so.74.2
70023cc68000-70023cd6d000 r-xp 00068000 103:02 14040531                  /usr/lib/x86_64-linux-gnu/libicuuc.so.74.2
70023cd6d000-70023cdf7000 r--p 0016d000 103:02 14040531                  /usr/lib/x86_64-linux-gnu/libicuuc.so.74.2
70023cdf7000-70023ce0a000 r--p 001f7000 103:02 14040531                  /usr/lib/x86_64-linux-gnu/libicuuc.so.74.2
70023ce0a000-70023ce0b000 rw-p 0020a000 103:02 14040531                  /usr/lib/x86_64-linux-gnu/libicuuc.so.74.2
70023ce0b000-70023ce0d000 rw-p 00000000 00:00 0 
70023ce37000-70023ce3a000 r--p 00000000 103:02 14040698                  /usr/lib/x86_64-linux-gnu/libopus.so.0.9.0
70023ce3a000-70023ce84000 r-xp 00003000 103:02 14040698                  /usr/lib/x86_64-linux-gnu/libopus.so.0.9.0
70023ce84000-70023ce94000 r--p 0004d000 103:02 14040698                  /usr/lib/x86_64-linux-gnu/libopus.so.0.9.0
70023ce94000-70023ce95000 r--p 0005d000 103:02 14040698                  /usr/lib/x86_64-linux-gnu/libopus.so.0.9.0
70023ce95000-70023ce96000 rw-p 0005e000 103:02 14040698                  /usr/lib/x86_64-linux-gnu/libopus.so.0.9.0
70023ce96000-70023ce9e000 r--p 00000000 103:02 14040076                  /usr/lib/x86_64-linux-gnu/libFLAC.so.12.1.0
70023ce9e000-70023cef0000 r-xp 00008000 103:02 14040076                  /usr/lib/x86_64-linux-gnu/libFLAC.so.12.1.0
70023cef0000-70023cef8000 r--p 0005a000 103:02 14040076                  /usr/lib/x86_64-linux-gnu/libFLAC.so.12.1.0
70023cef8000-70023cef9000 r--p 00062000 103:02 14040076                  /usr/lib/x86_64-linux-gnu/libFLAC.so.12.1.0
70023cef9000-70023cefa000 rw-p 00063000 103:02 14040076                  /usr/lib/x86_64-linux-gnu/libFLAC.so.12.1.0
70023cefa000-70023cf02000 r--p 00000000 103:02 14040826                  /usr/lib/x86_64-linux-gnu/libsndfile.so.1.0.37
70023cf02000-70023cf63000 r-xp 00008000 103:02 14040826                  /usr/lib/x86_64-linux-gnu/libsndfile.so.1.0.37
70023cf63000-70023cf7c000 r--p 00069000 103:02 14040826                  /usr/lib/x86_64-linux-gnu/libsndfile.so.1.0.37
70023cf7c000-70023cf7f000 r--p 00081000 103:02 14040826                  /usr/lib/x86_64-linux-gnu/libsndfile.so.1.0.37
70023cf7f000-70023cf80000 rw-p 00084000 103:02 14040826                  /usr/lib/x86_64-linux-gnu/libsndfile.so.1.0.37
70023cf80000-70023cf82000 rw-p 00000000 00:00 0 
70023cf82000-70023cf94000 r--p 00000000 103:02 14042390                  /usr/lib/x86_64-linux-gnu/pulseaudio/libpulsecommon-16.1.so
70023cf94000-70023cfde000 r-xp 00012000 103:02 14042390                  /usr/lib/x86_64-linux-gnu/pulseaudio/libpulsecommon-16.1.so
70023cfde000-70023cffd000 r--p 0005c000 103:02 14042390                  /usr/lib/x86_64-linux-gnu/pulseaudio/libpulsecommon-16.1.so
70023cffd000-70023cfff000 r--p 0007a000 103:02 14042390                  /usr/lib/x86_64-linux-gnu/pulseaudio/libpulsecommon-16.1.so
70023cfff000-70023d000000 rw-p 0007c000 103:02 14042390                  /usr/lib/x86_64-linux-gnu/pulseaudio/libpulsecommon-16.1.so
70023d000000-70023d0b7000 r--p 00000000 103:02 14040788                  /usr/lib/x86_64-linux-gnu/librsvg-2.so.2.50.0
70023d0b7000-70023d44e000 r-xp 000b7000 103:02 14040788                  /usr/lib/x86_64-linux-gnu/librsvg-2.so.2.50.0
70023d44e000-70023d5e0000 r--p 0044e000 103:02 14040788                  /usr/lib/x86_64-linux-gnu/librsvg-2.so.2.50.0
70023d5e0000-70023d677000 r--p 005e0000 103:02 14040788                  /usr/lib/x86_64-linux-gnu/librsvg-2.so.2.50.0
70023d677000-70023d678000 rw-p 00677000 103:02 14040788                  /usr/lib/x86_64-linux-gnu/librsvg-2.so.2.50.0
70023d6ac000-70023d6b8000 r--p 00000000 103:02 14040765                  /usr/lib/x86_64-linux-gnu/libpulse.so.0.24.2
70023d6b8000-70023d6e9000 r-xp 0000c000 103:02 14040765                  /usr/lib/x86_64-linux-gnu/libpulse.so.0.24.2
70023d6e9000-70023d6fa000 r--p 0003d000 103:02 14040765                  /usr/lib/x86_64-linux-gnu/libpulse.so.0.24.2
70023d6fa000-70023d6fc000 r--p 0004d000 103:02 14040765                  /usr/lib/x86_64-linux-gnu/libpulse.so.0.24.2
70023d6fc000-70023d6fd000 rw-p 0004f000 103:02 14040765                  /usr/lib/x86_64-linux-gnu/libpulse.so.0.24.2
70023d6fd000-70023d701000 ---p 00000000 00:00 0 
70023d701000-70023d7fd000 rw-p 00000000 00:00 0 
70023d7fd000-70023dffd000 rw-s 00000000 00:01 327701                     /SYSV00000000 (deleted)
70023dffd000-70023e001000 ---p 00000000 00:00 0 
70023e001000-70023e0fd000 rw-p 00000000 00:00 0 
70023e0fd000-70023e101000 ---p 00000000 00:00 0 
70023e101000-70023e1fd000 rw-p 00000000 00:00 0 
70023e1fd000-70023e201000 ---p 00000000 00:00 0 
70023e201000-70023e2fd000 rw-p 00000000 00:00 0 
70023e30b000-70023e33a000 r--p 00000000 103:02 14032682                  /usr/lib/x86_64-linux-gnu/libxml2.so.2.9.14
70023e33a000-70023e4a0000 r-xp 0002f000 103:02 14032682                  /usr/lib/x86_64-linux-gnu/libxml2.so.2.9.14
70023e4a0000-70023e4e2000 r--p 00195000 103:02 14032682                  /usr/lib/x86_64-linux-gnu/libxml2.so.2.9.14
70023e4e2000-70023e4eb000 r--p 001d6000 103:02 14032682                  /usr/lib/x86_64-linux-gnu/libxml2.so.2.9.14
70023e4eb000-70023e4ec000 rw-p 001df000 103:02 14032682                  /usr/lib/x86_64-linux-gnu/libxml2.so.2.9.14
70023e4ec000-70023e4ed000 rw-p 00000000 00:00 0 
70023e4ed000-70023e5f5000 r--p 00000000 103:02 14172176                  /usr/share/fonts/truetype/ubuntu/UbuntuSans[wdth,wght].ttf
70023e5f5000-70023e6fd000 r--p 00000000 103:02 14172176                  /usr/share/fonts/truetype/ubuntu/UbuntuSans[wdth,wght].ttf
70023e6fd000-70023e701000 ---p 00000000 00:00 0 
70023e701000-70023e7fd000 rw-p 00000000 00:00 0 
70023e7fd000-70023e7fe000 ---p 00000000 00:00 0 
70023e7fe000-70023effe000 rw-p 00000000 00:00 0 
70023effe000-70023efff000 ---p 00000000 00:00 0 
70023efff000-70023f7ff000 rw-p 00000000 00:00 0 
70023f7ff000-70023f800000 ---p 00000000 00:00 0 
70023f800000-700240000000 rw-p 00000000 00:00 0 
700240000000-700240021000 rw-p 00000000 00:00 0 
700240021000-700244000000 ---p 00000000 00:00 0 
700244000000-700244021000 rw-p 00000000 00:00 0 
700244021000-700248000000 ---p 00000000 00:00 0 
700248000000-70024802c000 rw-p 00000000 00:00 0 
70024802c000-70024c000000 ---p 00000000 00:00 0 
70024c000000-70024c021000 rw-p 00000000 00:00 0 
70024c021000-700250000000 ---p 00000000 00:00 0 
700250000000-700250021000 rw-p 00000000 00:00 0 
700250021000-700254000000 ---p 00000000 00:00 0 
700254000000-700254021000 rw-p 00000000 00:00 0 
700254021000-700258000000 ---p 00000000 00:00 0 
700258000000-700258021000 rw-p 00000000 00:00 0 
700258021000-70025c000000 ---p 00000000 00:00 0 
70025c000000-70025c021000 rw-p 00000000 00:00 0 
70025c021000-700260000000 ---p 00000000 00:00 0 
700260000000-7002601c5000 rw-p 00000000 00:00 0 
7002601c5000-700264000000 ---p 00000000 00:00 0 
700264000000-700265204000 rw-p 00000000 00:00 0 
700265204000-700268000000 ---p 00000000 00:00 0 
700268000000-700268021000 rw-p 00000000 00:00 0 
700268021000-70026c000000 ---p 00000000 00:00 0 
70026c000000-70026c021000 rw-p 00000000 00:00 0 
70026c021000-700270000000 ---p 00000000 00:00 0 
700270000000-700270021000 rw-p 00000000 00:00 0 
700270021000-700274000000 ---p 00000000 00:00 0 
700274000000-700274021000 rw-p 00000000 00:00 0 
700274021000-700278000000 ---p 00000000 00:00 0 
700278000000-700278021000 rw-p 00000000 00:00 0 
700278021000-70027c000000 ---p 00000000 00:00 0 
70027c000000-70027c021000 rw-p 00000000 00:00 0 
70027c021000-700280000000 ---p 00000000 00:00 0 
700280000000-700280021000 rw-p 00000000 00:00 0 
700280021000-700284000000 ---p 00000000 00:00 0 
700284000000-700284021000 rw-p 00000000 00:00 0 
700284021000-700288000000 ---p 00000000 00:00 0 
700288000000-70028802d000 rw-p 00000000 00:00 0 
70028802d000-70028c000000 ---p 00000000 00:00 0 
70028c000000-70028c021000 rw-p 00000000 00:00 0 
70028c021000-700290000000 ---p 00000000 00:00 0 
700290000000-700290021000 rw-p 00000000 00:00 0 
700290021000-700294000000 ---p 00000000 00:00 0 
700294000000-7002947a8000 rw-p 00000000 00:00 0 
7002947a8000-700298000000 ---p 00000000 00:00 0 
700298000000-700298021000 rw-p 00000000 00:00 0 
700298021000-70029c000000 ---p 00000000 00:00 0 
70029c000000-70029c021000 rw-p 00000000 00:00 0 
70029c021000-7002a0000000 ---p 00000000 00:00 0 
7002a0000000-7002a0021000 rw-p 00000000 00:00 0 
7002a0021000-7002a4000000 ---p 00000000 00:00 0 
7002a4000000-7002a4021000 rw-p 00000000 00:00 0 
7002a4021000-7002a8000000 ---p 00000000 00:00 0 
7002a8000000-7002a8021000 rw-p 00000000 00:00 0 
7002a8021000-7002ac000000 ---p 00000000 00:00 0 
7002ac000000-7002ac021000 rw-p 00000000 00:00 0 
7002ac021000-7002b0000000 ---p 00000000 00:00 0 
7002b0000000-7002b009f000 rw-p 00000000 00:00 0 
7002b009f000-7002b4000000 ---p 00000000 00:00 0 
7002b4000000-7002b420f000 rw-p 00000000 00:00 0 
7002b420f000-7002b8000000 ---p 00000000 00:00 0 
7002b8000000-7002b8021000 rw-p 00000000 00:00 0 
7002b8021000-7002bc000000 ---p 00000000 00:00 0 
7002bc000000-7002bc021000 rw-p 00000000 00:00 0 
7002bc021000-7002c0000000 ---p 00000000 00:00 0 
7002c0000000-7002c0021000 rw-p 00000000 00:00 0 
7002c0021000-7002c4000000 ---p 00000000 00:00 0 
7002c4008000-7002c400b000 r--p 00000000 103:02 14031538                  /usr/lib/x86_64-linux-gnu/libapparmor.so.1.17.2
7002c400b000-7002c4015000 r-xp 00003000 103:02 14031538                  /usr/lib/x86_64-linux-gnu/libapparmor.so.1.17.2
7002c4015000-7002c401b000 r--p 0000d000 103:02 14031538                  /usr/lib/x86_64-linux-gnu/libapparmor.so.1.17.2
7002c401b000-7002c401c000 r--p 00013000 103:02 14031538                  /usr/lib/x86_64-linux-gnu/libapparmor.so.1.17.2
7002c401c000-7002c401d000 rw-p 00014000 103:02 14031538                  /usr/lib/x86_64-linux-gnu/libapparmor.so.1.17.2
7002c4036000-7002c403a000 r--p 00000000 103:02 14038684                  /usr/lib/x86_64-linux-gnu/libgcc_s.so.1
7002c403a000-7002c405e000 r-xp 00004000 103:02 14038684                  /usr/lib/x86_64-linux-gnu/libgcc_s.so.1
7002c405e000-7002c4062000 r--p 00028000 103:02 14038684                  /usr/lib/x86_64-linux-gnu/libgcc_s.so.1
7002c4062000-7002c4063000 r--p 0002b000 103:02 14038684                  /usr/lib/x86_64-linux-gnu/libgcc_s.so.1
7002c4063000-7002c4064000 rw-p 0002c000 103:02 14038684                  /usr/lib/x86_64-linux-gnu/libgcc_s.so.1
7002c4065000-7002c406c000 r--s 00000000 103:02 14027221                  /usr/lib/x86_64-linux-gnu/gconv/gconv-modules.cache
7002c406c000-7002c406e000 r--p 00000000 103:02 14040207                  /usr/lib/x86_64-linux-gnu/libasyncns.so.0.3.1
7002c406e000-7002c4071000 r-xp 00002000 103:02 14040207                  /usr/lib/x86_64-linux-gnu/libasyncns.so.0.3.1
7002c4071000-7002c4072000 r--p 00005000 103:02 14040207                  /usr/lib/x86_64-linux-gnu/libasyncns.so.0.3.1
7002c4072000-7002c4073000 r--p 00005000 103:02 14040207                  /usr/lib/x86_64-linux-gnu/libasyncns.so.0.3.1
7002c4073000-7002c4074000 rw-p 00006000 103:02 14040207                  /usr/lib/x86_64-linux-gnu/libasyncns.so.0.3.1
7002c4074000-7002c4076000 r--p 00000000 103:02 14042133                  /usr/lib/x86_64-linux-gnu/libcanberra-0.30/libcanberra-pulse.so
7002c4076000-7002c407a000 r-xp 00002000 103:02 14042133                  /usr/lib/x86_64-linux-gnu/libcanberra-0.30/libcanberra-pulse.so
7002c407a000-7002c407b000 r--p 00006000 103:02 14042133                  /usr/lib/x86_64-linux-gnu/libcanberra-0.30/libcanberra-pulse.so
7002c407b000-7002c407c000 r--p 00006000 103:02 14042133                  /usr/lib/x86_64-linux-gnu/libcanberra-0.30/libcanberra-pulse.so
7002c407c000-7002c407d000 rw-p 00007000 103:02 14042133                  /usr/lib/x86_64-linux-gnu/libcanberra-0.30/libcanberra-pulse.so
7002c407d000-7002c4081000 ---p 00000000 00:00 0 
7002c4081000-7002c417d000 rw-p 00000000 00:00 0 
7002c417d000-7002c418d000 r--p 00000000 103:02 14040518                  /usr/lib/x86_64-linux-gnu/libibus-1.0.so.5.0.529
7002c418d000-7002c41c5000 r-xp 00010000 103:02 14040518                  /usr/lib/x86_64-linux-gnu/libibus-1.0.so.5.0.529
7002c41c5000-7002c41fd000 r--p 00048000 103:02 14040518                  /usr/lib/x86_64-linux-gnu/libibus-1.0.so.5.0.529
7002c41fd000-7002c41ff000 r--p 00080000 103:02 14040518                  /usr/lib/x86_64-linux-gnu/libibus-1.0.so.5.0.529
7002c41ff000-7002c4200000 rw-p 00082000 103:02 14040518                  /usr/lib/x86_64-linux-gnu/libibus-1.0.so.5.0.529
7002c4200000-7002c4202000 r-xp 00000000 103:02 12245386                  /home/amina/snap/dbeaver-ce/549/.local/share/DBeaverData/install-data/org.jkiss.dbeaver.product/26.2.0-202608301738/org.eclipse.osgi/49/0/.cp/os/linux/x86_64/libunixfile_1_0_0.so
7002c4202000-7002c4401000 ---p 00002000 103:02 12245386                  /home/amina/snap/dbeaver-ce/549/.local/share/DBeaverData/install-data/org.jkiss.dbeaver.product/26.2.0-202608301738/org.eclipse.osgi/49/0/.cp/os/linux/x86_64/libunixfile_1_0_0.so
7002c4401000-7002c4402000 r--p 00001000 103:02 12245386                  /home/amina/snap/dbeaver-ce/549/.local/share/DBeaverData/install-data/org.jkiss.dbeaver.product/26.2.0-202608301738/org.eclipse.osgi/49/0/.cp/os/linux/x86_64/libunixfile_1_0_0.so
7002c4402000-7002c4403000 rw-p 00002000 103:02 12245386                  /home/amina/snap/dbeaver-ce/549/.local/share/DBeaverData/install-data/org.jkiss.dbeaver.product/26.2.0-202608301738/org.eclipse.osgi/49/0/.cp/os/linux/x86_64/libunixfile_1_0_0.so
7002c4403000-7002c4404000 r--p 00000000 103:02 14040098                  /usr/lib/x86_64-linux-gnu/libX11-xcb.so.1.0.0
7002c4404000-7002c4405000 r-xp 00001000 103:02 14040098                  /usr/lib/x86_64-linux-gnu/libX11-xcb.so.1.0.0
7002c4405000-7002c4406000 r--p 00002000 103:02 14040098                  /usr/lib/x86_64-linux-gnu/libX11-xcb.so.1.0.0
7002c4406000-7002c4407000 r--p 00002000 103:02 14040098                  /usr/lib/x86_64-linux-gnu/libX11-xcb.so.1.0.0
7002c4407000-7002c4408000 rw-p 00003000 103:02 14040098                  /usr/lib/x86_64-linux-gnu/libX11-xcb.so.1.0.0
7002c4408000-7002c4409000 r--p 00000000 103:02 14041894                  /usr/lib/x86_64-linux-gnu/gdk-pixbuf-2.0/2.10.0/loaders/libpixbufloader-svg.so
7002c4409000-7002c440a000 r-xp 00001000 103:02 14041894                  /usr/lib/x86_64-linux-gnu/gdk-pixbuf-2.0/2.10.0/loaders/libpixbufloader-svg.so
7002c440a000-7002c440b000 r--p 00002000 103:02 14041894                  /usr/lib/x86_64-linux-gnu/gdk-pixbuf-2.0/2.10.0/loaders/libpixbufloader-svg.so
7002c440b000-7002c440c000 r--p 00002000 103:02 14041894                  /usr/lib/x86_64-linux-gnu/gdk-pixbuf-2.0/2.10.0/loaders/libpixbufloader-svg.so
7002c440c000-7002c440d000 rw-p 00003000 103:02 14041894                  /usr/lib/x86_64-linux-gnu/gdk-pixbuf-2.0/2.10.0/loaders/libpixbufloader-svg.so
7002c440d000-7002c4410000 r--p 00000000 103:02 12245606                  /home/amina/snap/dbeaver-ce/549/.local/share/DBeaverData/install-data/org.jkiss.dbeaver.product/26.2.0-202608301738/org.eclipse.osgi/152/0/.cp/libswt-atk-gtk-4973r12.so
7002c4410000-7002c4414000 r-xp 00003000 103:02 12245606                  /home/amina/snap/dbeaver-ce/549/.local/share/DBeaverData/install-data/org.jkiss.dbeaver.product/26.2.0-202608301738/org.eclipse.osgi/152/0/.cp/libswt-atk-gtk-4973r12.so
7002c4414000-7002c4416000 r--p 00007000 103:02 12245606                  /home/amina/snap/dbeaver-ce/549/.local/share/DBeaverData/install-data/org.jkiss.dbeaver.product/26.2.0-202608301738/org.eclipse.osgi/152/0/.cp/libswt-atk-gtk-4973r12.so
7002c4416000-7002c4417000 r--p 00008000 103:02 12245606                  /home/amina/snap/dbeaver-ce/549/.local/share/DBeaverData/install-data/org.jkiss.dbeaver.product/26.2.0-202608301738/org.eclipse.osgi/152/0/.cp/libswt-atk-gtk-4973r12.so
7002c4417000-7002c4418000 rw-p 00009000 103:02 12245606                  /home/amina/snap/dbeaver-ce/549/.local/share/DBeaverData/install-data/org.jkiss.dbeaver.product/26.2.0-202608301738/org.eclipse.osgi/152/0/.cp/libswt-atk-gtk-4973r12.so
7002c4418000-7002c4419000 r--p 00000000 07:26 1831                       /snap/dbeaver-ce/549/usr/share/dbeaver-ce/jre/lib/libextnet.so
7002c4419000-7002c441a000 r-xp 00001000 07:26 1831                       /snap/dbeaver-ce/549/usr/share/dbeaver-ce/jre/lib/libextnet.so
7002c441a000-7002c441b000 r--p 00002000 07:26 1831                       /snap/dbeaver-ce/549/usr/share/dbeaver-ce/jre/lib/libextnet.so
7002c441b000-7002c441c000 r--p 00002000 07:26 1831                       /snap/dbeaver-ce/549/usr/share/dbeaver-ce/jre/lib/libextnet.so
7002c441c000-7002c441d000 rw-p 00003000 07:26 1831                       /snap/dbeaver-ce/549/usr/share/dbeaver-ce/jre/lib/libextnet.so
7002c441d000-7002c4420000 r--p 00000000 103:02 14155993                  /usr/lib/x86_64-linux-gnu/gtk-3.0/3.0.0/immodules/im-ibus.so
7002c4420000-7002c4424000 r-xp 00003000 103:02 14155993                  /usr/lib/x86_64-linux-gnu/gtk-3.0/3.0.0/immodules/im-ibus.so
7002c4424000-7002c4426000 r--p 00007000 103:02 14155993                  /usr/lib/x86_64-linux-gnu/gtk-3.0/3.0.0/immodules/im-ibus.so
7002c4426000-7002c4427000 r--p 00008000 103:02 14155993                  /usr/lib/x86_64-linux-gnu/gtk-3.0/3.0.0/immodules/im-ibus.so
7002c4427000-7002c4428000 rw-p 00009000 103:02 14155993                  /usr/lib/x86_64-linux-gnu/gtk-3.0/3.0.0/immodules/im-ibus.so
7002c4428000-7002c447c000 r--p 00000000 103:02 14171832                  /usr/share/fonts/truetype/dejavu/DejaVuSansMono.ttf
7002c447c000-7002c4482000 r--p 00000000 103:02 12245432                  /home/amina/snap/dbeaver-ce/549/.local/share/DBeaverData/install-data/org.jkiss.dbeaver.product/26.2.0-202608301738/org.eclipse.osgi/152/0/.cp/libswt-cairo-gtk-4973r12.so
7002c4482000-7002c4485000 r-xp 00006000 103:02 12245432                  /home/amina/snap/dbeaver-ce/549/.local/share/DBeaverData/install-data/org.jkiss.dbeaver.product/26.2.0-202608301738/org.eclipse.osgi/152/0/.cp/libswt-cairo-gtk-4973r12.so
7002c4485000-7002c4487000 r--p 00009000 103:02 12245432                  /home/amina/snap/dbeaver-ce/549/.local/share/DBeaverData/install-data/org.jkiss.dbeaver.product/26.2.0-202608301738/org.eclipse.osgi/152/0/.cp/libswt-cairo-gtk-4973r12.so
7002c4487000-7002c4488000 r--p 0000a000 103:02 12245432                  /home/amina/snap/dbeaver-ce/549/.local/share/DBeaverData/install-data/org.jkiss.dbeaver.product/26.2.0-202608301738/org.eclipse.osgi/152/0/.cp/libswt-cairo-gtk-4973r12.so
7002c4488000-7002c4489000 rw-p 0000b000 103:02 12245432                  /home/amina/snap/dbeaver-ce/549/.local/share/DBeaverData/install-data/org.jkiss.dbeaver.product/26.2.0-202608301738/org.eclipse.osgi/152/0/.cp/libswt-cairo-gtk-4973r12.so
7002c4489000-7002c448d000 ---p 00000000 00:00 0 
7002c448d000-7002c4589000 rw-p 00000000 00:00 0 
7002c4589000-7002c458d000 ---p 00000000 00:00 0 
7002c458d000-7002c4689000 rw-p 00000000 00:00 0 
7002c4689000-7002c468b000 r--p 00000000 07:26 1846                       /snap/dbeaver-ce/549/usr/share/dbeaver-ce/jre/lib/libmanagement_ext.so
7002c468b000-7002c468e000 r-xp 00002000 07:26 1846                       /snap/dbeaver-ce/549/usr/share/dbeaver-ce/jre/lib/libmanagement_ext.so
7002c468e000-7002c468f000 r--p 00005000 07:26 1846                       /snap/dbeaver-ce/549/usr/share/dbeaver-ce/jre/lib/libmanagement_ext.so
7002c468f000-7002c4690000 r--p 00006000 07:26 1846                       /snap/dbeaver-ce/549/usr/share/dbeaver-ce/jre/lib/libmanagement_ext.so
7002c4690000-7002c4691000 rw-p 00007000 07:26 1846                       /snap/dbeaver-ce/549/usr/share/dbeaver-ce/jre/lib/libmanagement_ext.so
7002c4691000-7002c4694000 r--p 00000000 07:26 1845                       /snap/dbeaver-ce/549/usr/share/dbeaver-ce/jre/lib/libmanagement.so
7002c4694000-7002c4695000 r-xp 00003000 07:26 1845                       /snap/dbeaver-ce/549/usr/share/dbeaver-ce/jre/lib/libmanagement.so
7002c4695000-7002c4696000 r--p 00004000 07:26 1845                       /snap/dbeaver-ce/549/usr/share/dbeaver-ce/jre/lib/libmanagement.so
7002c4696000-7002c4697000 r--p 00004000 07:26 1845                       /snap/dbeaver-ce/549/usr/share/dbeaver-ce/jre/lib/libmanagement.so
7002c4697000-7002c4698000 rw-p 00005000 07:26 1845                       /snap/dbeaver-ce/549/usr/share/dbeaver-ce/jre/lib/libmanagement.so
7002c4698000-7002c469c000 ---p 00000000 00:00 0 
7002c469c000-7002c4798000 rw-p 00000000 00:00 0 
7002c4798000-7002c47a3000 r--p 00000000 07:26 1833                       /snap/dbeaver-ce/549/usr/share/dbeaver-ce/jre/lib/libfreetype.so
7002c47a3000-7002c481b000 r-xp 0000b000 07:26 1833                       /snap/dbeaver-ce/549/usr/share/dbeaver-ce/jre/lib/libfreetype.so
7002c481b000-7002c483f000 r--p 00083000 07:26 1833                       /snap/dbeaver-ce/549/usr/share/dbeaver-ce/jre/lib/libfreetype.so
7002c483f000-7002c4845000 r--p 000a7000 07:26 1833                       /snap/dbeaver-ce/549/usr/share/dbeaver-ce/jre/lib/libfreetype.so
7002c4845000-7002c4846000 rw-p 000ad000 07:26 1833                       /snap/dbeaver-ce/549/usr/share/dbeaver-ce/jre/lib/libfreetype.so
7002c4846000-7002c484d000 r--p 00000000 07:26 1832                       /snap/dbeaver-ce/549/usr/share/dbeaver-ce/jre/lib/libfontmanager.so
7002c484d000-7002c49d0000 r-xp 00007000 07:26 1832                       /snap/dbeaver-ce/549/usr/share/dbeaver-ce/jre/lib/libfontmanager.so
7002c49d0000-7002c4a0c000 r--p 0018a000 07:26 1832                       /snap/dbeaver-ce/549/usr/share/dbeaver-ce/jre/lib/libfontmanager.so
7002c4a0c000-7002c4a0e000 r--p 001c6000 07:26 1832                       /snap/dbeaver-ce/549/usr/share/dbeaver-ce/jre/lib/libfontmanager.so
7002c4a0e000-7002c4a0f000 rw-p 001c8000 07:26 1832                       /snap/dbeaver-ce/549/usr/share/dbeaver-ce/jre/lib/libfontmanager.so
7002c4a0f000-7002c4a10000 rw-p 00000000 00:00 0 
7002c4a10000-7002c4a21000 r--p 00000000 07:26 1830                       /snap/dbeaver-ce/549/usr/share/dbeaver-ce/jre/lib/libawt_xawt.so
7002c4a21000-7002c4a64000 r-xp 00011000 07:26 1830                       /snap/dbeaver-ce/549/usr/share/dbeaver-ce/jre/lib/libawt_xawt.so
7002c4a64000-7002c4a78000 r--p 00054000 07:26 1830                       /snap/dbeaver-ce/549/usr/share/dbeaver-ce/jre/lib/libawt_xawt.so
7002c4a78000-7002c4a7a000 r--p 00067000 07:26 1830                       /snap/dbeaver-ce/549/usr/share/dbeaver-ce/jre/lib/libawt_xawt.so
7002c4a7a000-7002c4a7c000 rw-p 00069000 07:26 1830                       /snap/dbeaver-ce/549/usr/share/dbeaver-ce/jre/lib/libawt_xawt.so
7002c4a7c000-7002c4a7e000 rw-p 00000000 00:00 0 
7002c4a7e000-7002c4a9d000 r--p 00000000 07:26 1828                       /snap/dbeaver-ce/549/usr/share/dbeaver-ce/jre/lib/libawt.so
7002c4a9d000-7002c4b3b000 r-xp 0001f000 07:26 1828                       /snap/dbeaver-ce/549/usr/share/dbeaver-ce/jre/lib/libawt.so
7002c4b3b000-7002c4b48000 r--p 000bd000 07:26 1828                       /snap/dbeaver-ce/549/usr/share/dbeaver-ce/jre/lib/libawt.so
7002c4b48000-7002c4b49000 r--p 000c9000 07:26 1828                       /snap/dbeaver-ce/549/usr/share/dbeaver-ce/jre/lib/libawt.so
7002c4b49000-7002c4b54000 rw-p 000ca000 07:26 1828                       /snap/dbeaver-ce/549/usr/share/dbeaver-ce/jre/lib/libawt.so
7002c4b54000-7002c4b79000 rw-p 00000000 00:00 0 
7002c4b79000-7002c4bb4000 r--p 00000000 103:02 12245321                  /home/amina/snap/dbeaver-ce/549/.local/share/DBeaverData/install-data/org.jkiss.dbeaver.product/26.2.0-202608301738/org.eclipse.osgi/152/0/.cp/libswt-pi3-gtk-4973r12.so
7002c4bb4000-7002c4bd5000 r-xp 0003b000 103:02 12245321                  /home/amina/snap/dbeaver-ce/549/.local/share/DBeaverData/install-data/org.jkiss.dbeaver.product/26.2.0-202608301738/org.eclipse.osgi/152/0/.cp/libswt-pi3-gtk-4973r12.so
7002c4bd5000-7002c4be8000 r--p 0005c000 103:02 12245321                  /home/amina/snap/dbeaver-ce/549/.local/share/DBeaverData/install-data/org.jkiss.dbeaver.product/26.2.0-202608301738/org.eclipse.osgi/152/0/.cp/libswt-pi3-gtk-4973r12.so
7002c4be8000-7002c4be9000 r--p 0006e000 103:02 12245321                  /home/amina/snap/dbeaver-ce/549/.local/share/DBeaverData/install-data/org.jkiss.dbeaver.product/26.2.0-202608301738/org.eclipse.osgi/152/0/.cp/libswt-pi3-gtk-4973r12.so
7002c4be9000-7002c4bec000 rw-p 0006f000 103:02 12245321                  /home/amina/snap/dbeaver-ce/549/.local/share/DBeaverData/install-data/org.jkiss.dbeaver.product/26.2.0-202608301738/org.eclipse.osgi/152/0/.cp/libswt-pi3-gtk-4973r12.so
7002c4bec000-7002c4bed000 rw-p 00000000 00:00 0 
7002c4bed000-7002c4bf1000 ---p 00000000 00:00 0 
7002c4bf1000-7002c4ced000 rw-p 00000000 00:00 0 
7002c4ced000-7002c4cf1000 ---p 00000000 00:00 0 
7002c4cf1000-7002c4ded000 rw-p 00000000 00:00 0 
7002c4ded000-7002c4df1000 ---p 00000000 00:00 0 
7002c4df1000-7002c4eed000 rw-p 00000000 00:00 0 
7002c4eed000-7002c4ef1000 ---p 00000000 00:00 0 
7002c4ef1000-7002c4fed000 rw-p 00000000 00:00 0 
7002c4fed000-7002c4ff1000 ---p 00000000 00:00 0 
7002c4ff1000-7002c50ed000 rw-p 00000000 00:00 0 
7002c50ed000-7002c50ee000 ---p 00000000 00:00 0 
7002c50ee000-7002c51ee000 rw-p 00000000 00:00 0 
7002c51ee000-7002c51f2000 ---p 00000000 00:00 0 
7002c51f2000-7002c52ee000 rw-p 00000000 00:00 0 
7002c52ee000-7002c52f2000 ---p 00000000 00:00 0 
7002c52f2000-7002c53ee000 rw-p 00000000 00:00 0 
7002c53ee000-7002c53ef000 ---p 00000000 00:00 0 
7002c53ef000-7002c54ef000 rw-p 00000000 00:00 0 
7002c54ef000-7002c54f0000 ---p 00000000 00:00 0 
7002c54f0000-7002c55f0000 rw-p 00000000 00:00 0 
7002c55f0000-7002c55f1000 ---p 00000000 00:00 0 
7002c55f1000-7002c56f1000 rw-p 00000000 00:00 0 
7002c56f1000-7002c56f2000 ---p 00000000 00:00 0 
7002c56f2000-7002c57f2000 rw-p 00000000 00:00 0 
7002c57f2000-7002c57f3000 ---p 00000000 00:00 0 
7002c57f3000-7002c58f3000 rw-p 00000000 00:00 0 
7002c58f3000-7002c58f4000 ---p 00000000 00:00 0 
7002c58f4000-7002c59f4000 rw-p 00000000 00:00 0 
7002c59f4000-7002c59f5000 ---p 00000000 00:00 0 
7002c59f5000-7002c5af5000 rw-p 00000000 00:00 0 
7002c5af5000-7002c5af9000 ---p 00000000 00:00 0 
7002c5af9000-7002c5bf5000 rw-p 00000000 00:00 0 
7002c5bf5000-7002c5bf9000 ---p 00000000 00:00 0 
7002c5bf9000-7002c5cf5000 rw-p 00000000 00:00 0 
7002c5cf5000-7002c5cf9000 ---p 00000000 00:00 0 
7002c5cf9000-7002c5df5000 rw-p 00000000 00:00 0 
7002c5df5000-7002c5df9000 ---p 00000000 00:00 0 
7002c5df9000-7002c5ef5000 rw-p 00000000 00:00 0 
7002c5ef5000-7002c5ef9000 ---p 00000000 00:00 0 
7002c5ef9000-7002c5ff5000 rw-p 00000000 00:00 0 
7002c5ff5000-7002c5ff9000 ---p 00000000 00:00 0 
7002c5ff9000-7002c60f5000 rw-p 00000000 00:00 0 
7002c60f5000-7002c60f9000 ---p 00000000 00:00 0 
7002c60f9000-7002c61f5000 rw-p 00000000 00:00 0 
7002c61f5000-7002c61f9000 ---p 00000000 00:00 0 
7002c61f9000-7002c62f5000 rw-p 00000000 00:00 0 
7002c62f5000-7002c62f9000 ---p 00000000 00:00 0 
7002c62f9000-7002c63f5000 rw-p 00000000 00:00 0 
7002c63f5000-7002c63f9000 ---p 00000000 00:00 0 
7002c63f9000-7002c64f5000 rw-p 00000000 00:00 0 
7002c64f5000-7002c64f9000 ---p 00000000 00:00 0 
7002c64f9000-7002c65f5000 rw-p 00000000 00:00 0 
7002c65f5000-7002c65f9000 ---p 00000000 00:00 0 
7002c65f9000-7002c66f5000 rw-p 00000000 00:00 0 
7002c66f5000-7002c67fd000 r--p 00000000 103:02 14172176                  /usr/share/fonts/truetype/ubuntu/UbuntuSans[wdth,wght].ttf
7002c67fd000-7002c67fe000 ---p 00000000 00:00 0 
7002c67fe000-7002c6ffe000 rw-p 00000000 00:00 0 
7002c6ffe000-7002c6fff000 ---p 00000000 00:00 0 
7002c6fff000-7002c77ff000 rw-p 00000000 00:00 0 
7002c77ff000-7002c7800000 ---p 00000000 00:00 0 
7002c7800000-7002c8000000 rw-p 00000000 00:00 0 
7002c8000000-7002c8021000 rw-p 00000000 00:00 0 
7002c8021000-7002cc000000 ---p 00000000 00:00 0 
7002cc000000-7002cc021000 rw-p 00000000 00:00 0 
7002cc021000-7002d0000000 ---p 00000000 00:00 0 
7002d0000000-7002d2362000 rw-p 00000000 00:00 0 
7002d2362000-7002d4000000 ---p 00000000 00:00 0 
7002d4000000-7002d5177000 rw-p 00000000 00:00 0 
7002d5177000-7002d8000000 ---p 00000000 00:00 0 
7002d8000000-7002d8021000 rw-p 00000000 00:00 0 
7002d8021000-7002dc000000 ---p 00000000 00:00 0 
7002dc000000-7002dc021000 rw-p 00000000 00:00 0 
7002dc021000-7002e0000000 ---p 00000000 00:00 0 
7002e0000000-7002e0021000 rw-p 00000000 00:00 0 
7002e0021000-7002e4000000 ---p 00000000 00:00 0 
7002e4000000-7002e4021000 rw-p 00000000 00:00 0 
7002e4021000-7002e8000000 ---p 00000000 00:00 0 
7002e8000000-7002e8029000 rw-p 00000000 00:00 0 
7002e8029000-7002ec000000 ---p 00000000 00:00 0 
7002ec000000-7002ec021000 rw-p 00000000 00:00 0 
7002ec021000-7002f0000000 ---p 00000000 00:00 0 
7002f0000000-7002f0500000 rw-p 00000000 00:00 0 
7002f0500000-7002f0520000 rw-p 00000000 00:00 0 
7002f0520000-7002f0540000 rw-p 00000000 00:00 0 
7002f0540000-7002f0580000 rw-p 00000000 00:00 0 
7002f0580000-7002f0700000 rw-p 00000000 00:00 0 
7002f0700000-7002f0720000 rw-p 00000000 00:00 0 
7002f0720000-7002f0740000 rw-p 00000000 00:00 0 
7002f0740000-7002f0780000 rw-p 00000000 00:00 0 
7002f0780000-7002f0900000 rw-p 00000000 00:00 0 
7002f0900000-7002f0920000 rw-p 00000000 00:00 0 
7002f0920000-7002f0940000 rw-p 00000000 00:00 0 
7002f0940000-7002f0980000 rw-p 00000000 00:00 0 
7002f0980000-7002f0b00000 rw-p 00000000 00:00 0 
7002f0b00000-7002f0d00000 rw-p 00000000 00:00 0 
7002f0d00000-7002f0e00000 rw-p 00000000 00:00 0 
7002f0e00000-7002f0f00000 rw-p 00000000 00:00 0 
7002f0f00000-7002f1000000 rw-p 00000000 00:00 0 
7002f1000000-7002f1100000 rw-p 00000000 00:00 0 
7002f1100000-7002f1200000 rw-p 00000000 00:00 0 
7002f1200000-7002f13e0000 rw-p 00000000 00:00 0 
7002f13e0000-7002f1500000 rw-p 00000000 00:00 0 
7002f1500000-7002f1600000 rw-p 00000000 00:00 0 
7002f1600000-7002f1900000 rw-p 00000000 00:00 0 
7002f1900000-7002f1b00000 rw-p 00000000 00:00 0 
7002f1b00000-7002f1c00000 rw-p 00000000 00:00 0 
7002f1c00000-7002f2300000 rw-p 00000000 00:00 0 
7002f2300000-7002f2400000 rw-p 00000000 00:00 0 
7002f2400000-7002f2f00000 rw-p 00000000 00:00 0 
7002f2f00000-7002f2f10000 rw-p 00000000 00:00 0 
7002f2f10000-7002f3000000 ---p 00000000 00:00 0 
7002f3000000-7002f3050000 rw-p 00000000 00:00 0 
7002f3050000-7002f4000000 ---p 00000000 00:00 0 
7002f4000000-7002f4021000 rw-p 00000000 00:00 0 
7002f4021000-7002f8000000 ---p 00000000 00:00 0 
7002f8000000-7002f8021000 rw-p 00000000 00:00 0 
7002f8021000-7002fc000000 ---p 00000000 00:00 0 
7002fc000000-7002fc021000 rw-p 00000000 00:00 0 
7002fc021000-700300000000 ---p 00000000 00:00 0 
700300001000-700300002000 r--p 00000000 07:26 1836                       /snap/dbeaver-ce/549/usr/share/dbeaver-ce/jre/lib/libjaas.so
700300002000-700300003000 r-xp 00001000 07:26 1836                       /snap/dbeaver-ce/549/usr/share/dbeaver-ce/jre/lib/libjaas.so
700300003000-700300004000 r--p 00002000 07:26 1836                       /snap/dbeaver-ce/549/usr/share/dbeaver-ce/jre/lib/libjaas.so
700300004000-700300005000 r--p 00002000 07:26 1836                       /snap/dbeaver-ce/549/usr/share/dbeaver-ce/jre/lib/libjaas.so
700300005000-700300006000 rw-p 00003000 07:26 1836                       /snap/dbeaver-ce/549/usr/share/dbeaver-ce/jre/lib/libjaas.so
700300006000-700300008000 r--p 00000000 103:02 14040120                  /usr/lib/x86_64-linux-gnu/libXtst.so.6.1.0
700300008000-70030000b000 r-xp 00002000 103:02 14040120                  /usr/lib/x86_64-linux-gnu/libXtst.so.6.1.0
70030000b000-70030000c000 r--p 00005000 103:02 14040120                  /usr/lib/x86_64-linux-gnu/libXtst.so.6.1.0
70030000c000-70030000d000 r--p 00005000 103:02 14040120                  /usr/lib/x86_64-linux-gnu/libXtst.so.6.1.0
70030000d000-70030000e000 rw-p 00006000 103:02 14040120                  /usr/lib/x86_64-linux-gnu/libXtst.so.6.1.0
70030000e000-70030004d000 r--p 00000000 103:02 12245320                  /home/amina/snap/dbeaver-ce/549/.local/share/DBeaverData/install-data/org.jkiss.dbeaver.product/26.2.0-202608301738/org.eclipse.osgi/152/0/.cp/libswt-gtk-4973r12.so
70030004d000-700300076000 r-xp 0003f000 103:02 12245320                  /home/amina/snap/dbeaver-ce/549/.local/share/DBeaverData/install-data/org.jkiss.dbeaver.product/26.2.0-202608301738/org.eclipse.osgi/152/0/.cp/libswt-gtk-4973r12.so
700300076000-70030009b000 r--p 00068000 103:02 12245320                  /home/amina/snap/dbeaver-ce/549/.local/share/DBeaverData/install-data/org.jkiss.dbeaver.product/26.2.0-202608301738/org.eclipse.osgi/152/0/.cp/libswt-gtk-4973r12.so
70030009b000-70030009c000 r--p 0008c000 103:02 12245320                  /home/amina/snap/dbeaver-ce/549/.local/share/DBeaverData/install-data/org.jkiss.dbeaver.product/26.2.0-202608301738/org.eclipse.osgi/152/0/.cp/libswt-gtk-4973r12.so
70030009c000-7003000a4000 rw-p 0008d000 103:02 12245320                  /home/amina/snap/dbeaver-ce/549/.local/share/DBeaverData/install-data/org.jkiss.dbeaver.product/26.2.0-202608301738/org.eclipse.osgi/152/0/.cp/libswt-gtk-4973r12.so
7003000a4000-7003000a8000 rw-p 00000000 00:00 0 
7003000a8000-7003000ac000 r--p 00000000 07:26 1855                       /snap/dbeaver-ce/549/usr/share/dbeaver-ce/jre/lib/libverify.so
7003000ac000-7003000b5000 r-xp 00004000 07:26 1855                       /snap/dbeaver-ce/549/usr/share/dbeaver-ce/jre/lib/libverify.so
7003000b5000-7003000b7000 r--p 0000d000 07:26 1855                       /snap/dbeaver-ce/549/usr/share/dbeaver-ce/jre/lib/libverify.so
7003000b7000-7003000b9000 r--p 0000e000 07:26 1855                       /snap/dbeaver-ce/549/usr/share/dbeaver-ce/jre/lib/libverify.so
7003000b9000-7003000ba000 rw-p 00010000 07:26 1855                       /snap/dbeaver-ce/549/usr/share/dbeaver-ce/jre/lib/libverify.so
7003000ba000-7003001c2000 r--p 00000000 103:02 14172176                  /usr/share/fonts/truetype/ubuntu/UbuntuSans[wdth,wght].ttf
7003001c2000-7003001d0000 r--s 00000000 103:02 11010462                  /var/cache/fontconfig/a4e60e8d1e10d2fdff3fe3037a1845fb-le64.cache-9
7003001d0000-70030022e000 r--s 00000000 103:02 11010447                  /var/cache/fontconfig/2300eef321c393bfd76478a5c0e95b23-le64.cache-9
70030022e000-7003002a3000 r--s 00000000 103:02 11010445                  /var/cache/fontconfig/0bd3dc0958fa2205aaaa8ebb13e2872b-le64.cache-9
7003002a3000-7003002a8000 r--s 00000000 103:02 11025267                  /var/cache/fontconfig/c57959a16110560c8d0fcea73374aeeb-le64.cache-9
7003002a8000-7003002bf000 r--s 00000000 103:02 11017993                  /var/cache/fontconfig/d52a8644073d54c13679302ca1180695-le64.cache-9
7003002bf000-7003002cc000 r--s 00000000 103:02 11018299                  /var/cache/fontconfig/d589a48862398ed80a3d6066f4f56f4c-le64.cache-9
7003002cc000-7003002dc000 r--s 00000000 103:02 11010456                  /var/cache/fontconfig/6cc790b63b123a6a96ee260fcdad32a9-le64.cache-9
7003002dc000-7003002ed000 r--s 00000000 103:02 11010460                  /var/cache/fontconfig/9b89f8e3dae116d678bbf48e5f21f69b-le64.cache-9
7003002ed000-7003002fe000 r--s 00000000 103:02 11025548                  /var/cache/fontconfig/cadc3060d3cbe99d6aa4dd880095be12-le64.cache-9
7003002fe000-700300328000 r--s 00000000 103:02 14156199                  /usr/share/mime/mime.cache
700300328000-70030032a000 r--p 00000000 103:02 14040694                  /usr/lib/x86_64-linux-gnu/libogg.so.0.8.5
70030032a000-70030032d000 r-xp 00002000 103:02 14040694                  /usr/lib/x86_64-linux-gnu/libogg.so.0.8.5
70030032d000-700300330000 r--p 00005000 103:02 14040694                  /usr/lib/x86_64-linux-gnu/libogg.so.0.8.5
700300330000-700300331000 r--p 00007000 103:02 14040694                  /usr/lib/x86_64-linux-gnu/libogg.so.0.8.5
700300331000-700300332000 rw-p 00008000 103:02 14040694                  /usr/lib/x86_64-linux-gnu/libogg.so.0.8.5
700300332000-700300335000 r--p 00000000 103:02 14040913                  /usr/lib/x86_64-linux-gnu/libvorbis.so.0.4.9
700300335000-70030034d000 r-xp 00003000 103:02 14040913                  /usr/lib/x86_64-linux-gnu/libvorbis.so.0.4.9
70030034d000-70030035e000 r--p 0001b000 103:02 14040913                  /usr/lib/x86_64-linux-gnu/libvorbis.so.0.4.9
70030035e000-70030035f000 r--p 0002b000 103:02 14040913                  /usr/lib/x86_64-linux-gnu/libvorbis.so.0.4.9
70030035f000-700300360000 rw-p 0002c000 103:02 14040913                  /usr/lib/x86_64-linux-gnu/libvorbis.so.0.4.9
700300360000-700300362000 r--p 00000000 103:02 14040583                  /usr/lib/x86_64-linux-gnu/libltdl.so.7.3.2
700300362000-700300367000 r-xp 00002000 103:02 14040583                  /usr/lib/x86_64-linux-gnu/libltdl.so.7.3.2
700300367000-700300369000 r--p 00007000 103:02 14040583                  /usr/lib/x86_64-linux-gnu/libltdl.so.7.3.2
700300369000-70030036a000 r--p 00008000 103:02 14040583                  /usr/lib/x86_64-linux-gnu/libltdl.so.7.3.2
70030036a000-70030036b000 rw-p 00009000 103:02 14040583                  /usr/lib/x86_64-linux-gnu/libltdl.so.7.3.2
70030036b000-70030036f000 r--p 00000000 103:02 14040859                  /usr/lib/x86_64-linux-gnu/libtdb.so.1.4.10
70030036f000-70030037d000 r-xp 00004000 103:02 14040859                  /usr/lib/x86_64-linux-gnu/libtdb.so.1.4.10
70030037d000-700300382000 r--p 00012000 103:02 14040859                  /usr/lib/x86_64-linux-gnu/libtdb.so.1.4.10
700300382000-700300383000 r--p 00016000 103:02 14040859                  /usr/lib/x86_64-linux-gnu/libtdb.so.1.4.10
700300383000-700300384000 rw-p 00017000 103:02 14040859                  /usr/lib/x86_64-linux-gnu/libtdb.so.1.4.10
700300384000-70030038c000 r--s 00000000 103:02 11010448                  /var/cache/fontconfig/3047814df9a2f067bd2d96a2b9c36e5a-le64.cache-9
70030038c000-70030039d000 r--s 00000000 103:02 11010469                  /var/cache/fontconfig/e13b20fdb08344e0e664864cc2ede53d-le64.cache-9
70030039d000-70030039e000 ---p 00000000 00:00 0 
70030039e000-700300b9e000 rw-p 00000000 00:00 0 
700300b9e000-700300bb0000 r--p 00000000 103:02 14026544                  /usr/lib/x86_64-linux-gnu/gvfs/libgvfscommon.so
700300bb0000-700300bcc000 r-xp 00012000 103:02 14026544                  /usr/lib/x86_64-linux-gnu/gvfs/libgvfscommon.so
700300bcc000-700300bd8000 r--p 0002e000 103:02 14026544                  /usr/lib/x86_64-linux-gnu/gvfs/libgvfscommon.so
700300bd8000-700300bde000 r--p 00039000 103:02 14026544                  /usr/lib/x86_64-linux-gnu/gvfs/libgvfscommon.so
700300bde000-700300bdf000 rw-p 0003f000 103:02 14026544                  /usr/lib/x86_64-linux-gnu/gvfs/libgvfscommon.so
700300bdf000-700300be9000 r--p 00000000 103:02 14159738                  /usr/lib/x86_64-linux-gnu/gio/modules/libgvfsdbus.so
700300be9000-700300c07000 r-xp 0000a000 103:02 14159738                  /usr/lib/x86_64-linux-gnu/gio/modules/libgvfsdbus.so
700300c07000-700300c0f000 r--p 00028000 103:02 14159738                  /usr/lib/x86_64-linux-gnu/gio/modules/libgvfsdbus.so
700300c0f000-700300c11000 r--p 00030000 103:02 14159738                  /usr/lib/x86_64-linux-gnu/gio/modules/libgvfsdbus.so
700300c11000-700300c12000 rw-p 00032000 103:02 14159738                  /usr/lib/x86_64-linux-gnu/gio/modules/libgvfsdbus.so
700300c12000-700300cc6000 r--p 00000000 103:02 14444797                  /usr/share/themes/Yaru-blue/gtk-3.0/gtk.gresource
700300cc6000-700300cca000 r--p 00000000 103:02 14040453                  /usr/lib/x86_64-linux-gnu/libgpg-error.so.0.34.0
700300cca000-700300ce0000 r-xp 00004000 103:02 14040453                  /usr/lib/x86_64-linux-gnu/libgpg-error.so.0.34.0
700300ce0000-700300ce9000 r--p 0001a000 103:02 14040453                  /usr/lib/x86_64-linux-gnu/libgpg-error.so.0.34.0
700300ce9000-700300cea000 r--p 00023000 103:02 14040453                  /usr/lib/x86_64-linux-gnu/libgpg-error.so.0.34.0
700300cea000-700300ceb000 rw-p 00024000 103:02 14040453                  /usr/lib/x86_64-linux-gnu/libgpg-error.so.0.34.0
700300ceb000-700300cef000 r--p 00000000 103:02 14040993                  /usr/lib/x86_64-linux-gnu/libzstd.so.1.5.5
700300cef000-700300d96000 r-xp 00004000 103:02 14040993                  /usr/lib/x86_64-linux-gnu/libzstd.so.1.5.5
700300d96000-700300da3000 r--p 000ab000 103:02 14040993                  /usr/lib/x86_64-linux-gnu/libzstd.so.1.5.5
700300da3000-700300da4000 r--p 000b7000 103:02 14040993                  /usr/lib/x86_64-linux-gnu/libzstd.so.1.5.5
700300da4000-700300da5000 rw-p 000b8000 103:02 14040993                  /usr/lib/x86_64-linux-gnu/libzstd.so.1.5.5
700300da5000-700300da8000 r--p 00000000 103:02 14028947                  /usr/lib/x86_64-linux-gnu/liblzma.so.5.4.5
700300da8000-700300dca000 r-xp 00003000 103:02 14028947                  /usr/lib/x86_64-linux-gnu/liblzma.so.5.4.5
700300dca000-700300dd5000 r--p 00025000 103:02 14028947                  /usr/lib/x86_64-linux-gnu/liblzma.so.5.4.5
700300dd5000-700300dd6000 r--p 00030000 103:02 14028947                  /usr/lib/x86_64-linux-gnu/liblzma.so.5.4.5
700300dd6000-700300dd7000 rw-p 00031000 103:02 14028947                  /usr/lib/x86_64-linux-gnu/liblzma.so.5.4.5
700300dd7000-700300de6000 r--p 00000000 103:02 14088445                  /usr/lib/x86_64-linux-gnu/libgcrypt.so.20.4.3
700300de6000-700300edb000 r-xp 0000f000 103:02 14088445                  /usr/lib/x86_64-linux-gnu/libgcrypt.so.20.4.3
700300edb000-700300f16000 r--p 00104000 103:02 14088445                  /usr/lib/x86_64-linux-gnu/libgcrypt.so.20.4.3
700300f16000-700300f1b000 r--p 0013f000 103:02 14088445                  /usr/lib/x86_64-linux-gnu/libgcrypt.so.20.4.3
700300f1b000-700300f1f000 rw-p 00144000 103:02 14088445                  /usr/lib/x86_64-linux-gnu/libgcrypt.so.20.4.3
700300f1f000-700300f20000 rw-p 00000000 00:00 0 
700300f20000-700300f36000 r--p 00000000 103:02 14037839                  /usr/lib/x86_64-linux-gnu/libsystemd.so.0.38.0
700300f36000-700300fc5000 r-xp 00016000 103:02 14037839                  /usr/lib/x86_64-linux-gnu/libsystemd.so.0.38.0
700300fc5000-700300ff3000 r--p 000a5000 103:02 14037839                  /usr/lib/x86_64-linux-gnu/libsystemd.so.0.38.0
700300ff3000-700300ffe000 r--p 000d2000 103:02 14037839                  /usr/lib/x86_64-linux-gnu/libsystemd.so.0.38.0
700300ffe000-700300fff000 rw-p 000dd000 103:02 14037839                  /usr/lib/x86_64-linux-gnu/libsystemd.so.0.38.0
700300fff000-700301000000 rw-p 00000000 00:00 0 
700301000000-700301083000 r--p 00000000 103:02 14040491                  /usr/lib/x86_64-linux-gnu/libgtk-3.so.0.2409.32
700301083000-700301431000 r-xp 00083000 103:02 14040491                  /usr/lib/x86_64-linux-gnu/libgtk-3.so.0.2409.32
700301431000-7003017b6000 r--p 00431000 103:02 14040491                  /usr/lib/x86_64-linux-gnu/libgtk-3.so.0.2409.32
7003017b6000-7003017c6000 r--p 007b5000 103:02 14040491                  /usr/lib/x86_64-linux-gnu/libgtk-3.so.0.2409.32
7003017c6000-7003017c8000 rw-p 007c5000 103:02 14040491                  /usr/lib/x86_64-linux-gnu/libgtk-3.so.0.2409.32
7003017c8000-7003017cd000 rw-p 00000000 00:00 0 
7003017ce000-7003017d1000 r--p 00000000 103:02 14040269                  /usr/lib/x86_64-linux-gnu/libcanberra.so.0.2.5
7003017d1000-7003017dc000 r-xp 00003000 103:02 14040269                  /usr/lib/x86_64-linux-gnu/libcanberra.so.0.2.5
7003017dc000-7003017df000 r--p 0000e000 103:02 14040269                  /usr/lib/x86_64-linux-gnu/libcanberra.so.0.2.5
7003017df000-7003017e0000 r--p 00010000 103:02 14040269                  /usr/lib/x86_64-linux-gnu/libcanberra.so.0.2.5
7003017e0000-7003017e1000 rw-p 00011000 103:02 14040269                  /usr/lib/x86_64-linux-gnu/libcanberra.so.0.2.5
7003017e1000-7003017e4000 r--p 00000000 103:02 14040597                  /usr/lib/x86_64-linux-gnu/liblz4.so.1.9.4
7003017e4000-7003017ff000 r-xp 00003000 103:02 14040597                  /usr/lib/x86_64-linux-gnu/liblz4.so.1.9.4
7003017ff000-700301801000 r--p 0001e000 103:02 14040597                  /usr/lib/x86_64-linux-gnu/liblz4.so.1.9.4
700301801000-700301802000 r--p 00020000 103:02 14040597                  /usr/lib/x86_64-linux-gnu/liblz4.so.1.9.4
700301802000-700301803000 rw-p 00021000 103:02 14040597                  /usr/lib/x86_64-linux-gnu/liblz4.so.1.9.4
700301803000-700301806000 r--p 00000000 103:02 14039145                  /usr/lib/x86_64-linux-gnu/libcap.so.2.66
700301806000-70030180c000 r-xp 00003000 103:02 14039145                  /usr/lib/x86_64-linux-gnu/libcap.so.2.66
70030180c000-70030180e000 r--p 00009000 103:02 14039145                  /usr/lib/x86_64-linux-gnu/libcap.so.2.66
70030180e000-70030180f000 r--p 0000b000 103:02 14039145                  /usr/lib/x86_64-linux-gnu/libcap.so.2.66
70030180f000-700301810000 rw-p 0000c000 103:02 14039145                  /usr/lib/x86_64-linux-gnu/libcap.so.2.66
700301810000-70030181c000 r--p 00000000 103:02 14040304                  /usr/lib/x86_64-linux-gnu/libdbus-1.so.3.32.4
70030181c000-70030184c000 r-xp 0000c000 103:02 14040304                  /usr/lib/x86_64-linux-gnu/libdbus-1.so.3.32.4
70030184c000-70030185d000 r--p 0003c000 103:02 14040304                  /usr/lib/x86_64-linux-gnu/libdbus-1.so.3.32.4
70030185d000-70030185e000 r--p 0004c000 103:02 14040304                  /usr/lib/x86_64-linux-gnu/libdbus-1.so.3.32.4
70030185e000-70030185f000 rw-p 0004d000 103:02 14040304                  /usr/lib/x86_64-linux-gnu/libdbus-1.so.3.32.4
70030185f000-70030186f000 r--p 00000000 103:02 14040214                  /usr/lib/x86_64-linux-gnu/libatspi.so.0.0.1
70030186f000-700301888000 r-xp 00010000 103:02 14040214                  /usr/lib/x86_64-linux-gnu/libatspi.so.0.0.1
700301888000-700301895000 r--p 00029000 103:02 14040214                  /usr/lib/x86_64-linux-gnu/libatspi.so.0.0.1
700301895000-700301898000 r--p 00036000 103:02 14040214                  /usr/lib/x86_64-linux-gnu/libatspi.so.0.0.1
700301898000-700301899000 rw-p 00039000 103:02 14040214                  /usr/lib/x86_64-linux-gnu/libatspi.so.0.0.1
700301899000-7003018a5000 r--p 00000000 103:02 14040210                  /usr/lib/x86_64-linux-gnu/libatk-bridge-2.0.so.0.0.0
7003018a5000-7003018bf000 r-xp 0000c000 103:02 14040210                  /usr/lib/x86_64-linux-gnu/libatk-bridge-2.0.so.0.0.0
7003018bf000-7003018d2000 r--p 00026000 103:02 14040210                  /usr/lib/x86_64-linux-gnu/libatk-bridge-2.0.so.0.0.0
7003018d2000-7003018d3000 r--p 00039000 103:02 14040210                  /usr/lib/x86_64-linux-gnu/libatk-bridge-2.0.so.0.0.0
7003018d3000-7003018d5000 rw-p 0003a000 103:02 14040210                  /usr/lib/x86_64-linux-gnu/libatk-bridge-2.0.so.0.0.0
7003018d5000-7003018e0000 r--p 00000000 103:02 14040209                  /usr/lib/x86_64-linux-gnu/libatk-1.0.so.0.25209.1
7003018e0000-7003018f0000 r-xp 0000b000 103:02 14040209                  /usr/lib/x86_64-linux-gnu/libatk-1.0.so.0.25209.1
7003018f0000-7003018fb000 r--p 0001b000 103:02 14040209                  /usr/lib/x86_64-linux-gnu/libatk-1.0.so.0.25209.1
7003018fb000-7003018fe000 r--p 00026000 103:02 14040209                  /usr/lib/x86_64-linux-gnu/libatk-1.0.so.0.25209.1
7003018fe000-7003018ff000 rw-p 00029000 103:02 14040209                  /usr/lib/x86_64-linux-gnu/libatk-1.0.so.0.25209.1
7003018ff000-700301901000 r--p 00000000 103:02 14040612                  /usr/lib/x86_64-linux-gnu/libmd.so.0.1.0
700301901000-70030190a000 r-xp 00002000 103:02 14040612                  /usr/lib/x86_64-linux-gnu/libmd.so.0.1.0
70030190a000-70030190c000 r--p 0000b000 103:02 14040612                  /usr/lib/x86_64-linux-gnu/libmd.so.0.1.0
70030190c000-70030190d000 r--p 0000c000 103:02 14040612                  /usr/lib/x86_64-linux-gnu/libmd.so.0.1.0
70030190d000-70030190e000 rw-p 0000d000 103:02 14040612                  /usr/lib/x86_64-linux-gnu/libmd.so.0.1.0
70030190e000-700301912000 r--p 00000000 103:02 14040253                  /usr/lib/x86_64-linux-gnu/libbsd.so.0.12.1
700301912000-70030191e000 r-xp 00004000 103:02 14040253                  /usr/lib/x86_64-linux-gnu/libbsd.so.0.12.1
70030191e000-700301921000 r--p 00010000 103:02 14040253                  /usr/lib/x86_64-linux-gnu/libbsd.so.0.12.1
700301921000-700301922000 r--p 00012000 103:02 14040253                  /usr/lib/x86_64-linux-gnu/libbsd.so.0.12.1
700301922000-700301923000 rw-p 00013000 103:02 14040253                  /usr/lib/x86_64-linux-gnu/libbsd.so.0.12.1
700301923000-700301924000 rw-p 00000000 00:00 0 
700301924000-700301925000 r--p 00000000 103:02 14040250                  /usr/lib/x86_64-linux-gnu/libbrotlicommon.so.1.1.0
700301925000-700301926000 r-xp 00001000 103:02 14040250                  /usr/lib/x86_64-linux-gnu/libbrotlicommon.so.1.1.0
700301926000-700301945000 r--p 00002000 103:02 14040250                  /usr/lib/x86_64-linux-gnu/libbrotlicommon.so.1.1.0
700301945000-700301946000 r--p 00021000 103:02 14040250                  /usr/lib/x86_64-linux-gnu/libbrotlicommon.so.1.1.0
700301946000-700301947000 rw-p 00022000 103:02 14040250                  /usr/lib/x86_64-linux-gnu/libbrotlicommon.so.1.1.0
700301947000-70030194e000 r--p 00000000 103:02 14030893                  /usr/lib/x86_64-linux-gnu/libblkid.so.1.1.0
70030194e000-700301972000 r-xp 00007000 103:02 14030893                  /usr/lib/x86_64-linux-gnu/libblkid.so.1.1.0
700301972000-70030197b000 r--p 0002b000 103:02 14030893                  /usr/lib/x86_64-linux-gnu/libblkid.so.1.1.0
70030197b000-700301981000 r--p 00033000 103:02 14030893                  /usr/lib/x86_64-linux-gnu/libblkid.so.1.1.0
700301981000-700301982000 rw-p 00039000 103:02 14030893                  /usr/lib/x86_64-linux-gnu/libblkid.so.1.1.0
700301982000-700301985000 r--p 00000000 103:02 14032277                  /usr/lib/x86_64-linux-gnu/libgraphite2.so.3.2.1
700301985000-7003019a2000 r-xp 00003000 103:02 14032277                  /usr/lib/x86_64-linux-gnu/libgraphite2.so.3.2.1
7003019a2000-7003019a5000 r--p 00020000 103:02 14032277                  /usr/lib/x86_64-linux-gnu/libgraphite2.so.3.2.1
7003019a5000-7003019a7000 r--p 00022000 103:02 14032277                  /usr/lib/x86_64-linux-gnu/libgraphite2.so.3.2.1
7003019a7000-7003019a8000 rw-p 00024000 103:02 14032277                  /usr/lib/x86_64-linux-gnu/libgraphite2.so.3.2.1
7003019a8000-7003019aa000 r--p 00000000 103:02 14040302                  /usr/lib/x86_64-linux-gnu/libdatrie.so.1.4.0
7003019aa000-7003019ae000 r-xp 00002000 103:02 14040302                  /usr/lib/x86_64-linux-gnu/libdatrie.so.1.4.0
7003019ae000-7003019af000 r--p 00006000 103:02 14040302                  /usr/lib/x86_64-linux-gnu/libdatrie.so.1.4.0
7003019af000-7003019b0000 r--p 00006000 103:02 14040302                  /usr/lib/x86_64-linux-gnu/libdatrie.so.1.4.0
7003019b0000-7003019b1000 rw-p 00007000 103:02 14040302                  /usr/lib/x86_64-linux-gnu/libdatrie.so.1.4.0
7003019b1000-7003019b3000 r--p 00000000 103:02 14040106                  /usr/lib/x86_64-linux-gnu/libXdmcp.so.6.0.0
7003019b3000-7003019b5000 r-xp 00002000 103:02 14040106                  /usr/lib/x86_64-linux-gnu/libXdmcp.so.6.0.0
7003019b5000-7003019b7000 r--p 00004000 103:02 14040106                  /usr/lib/x86_64-linux-gnu/libXdmcp.so.6.0.0
7003019b7000-7003019b8000 r--p 00005000 103:02 14040106                  /usr/lib/x86_64-linux-gnu/libXdmcp.so.6.0.0
7003019b8000-7003019b9000 rw-p 00006000 103:02 14040106                  /usr/lib/x86_64-linux-gnu/libXdmcp.so.6.0.0
7003019b9000-7003019ba000 r--p 00000000 103:02 14040101                  /usr/lib/x86_64-linux-gnu/libXau.so.6.0.0
7003019ba000-7003019bc000 r-xp 00001000 103:02 14040101                  /usr/lib/x86_64-linux-gnu/libXau.so.6.0.0
7003019bc000-7003019bd000 r--p 00003000 103:02 14040101                  /usr/lib/x86_64-linux-gnu/libXau.so.6.0.0
7003019bd000-7003019be000 r--p 00003000 103:02 14040101                  /usr/lib/x86_64-linux-gnu/libXau.so.6.0.0
7003019be000-7003019bf000 rw-p 00004000 103:02 14040101                  /usr/lib/x86_64-linux-gnu/libXau.so.6.0.0
7003019bf000-7003019c0000 r--p 00000000 103:02 14040251                  /usr/lib/x86_64-linux-gnu/libbrotlidec.so.1.1.0
7003019c0000-7003019c8000 r-xp 00001000 103:02 14040251                  /usr/lib/x86_64-linux-gnu/libbrotlidec.so.1.1.0
7003019c8000-7003019cb000 r--p 00009000 103:02 14040251                  /usr/lib/x86_64-linux-gnu/libbrotlidec.so.1.1.0
7003019cb000-7003019cc000 r--p 0000b000 103:02 14040251                  /usr/lib/x86_64-linux-gnu/libbrotlidec.so.1.1.0
7003019cc000-7003019cd000 rw-p 0000c000 103:02 14040251                  /usr/lib/x86_64-linux-gnu/libbrotlidec.so.1.1.0
7003019cd000-7003019cf000 r--p 00000000 103:02 14024730                  /usr/lib/x86_64-linux-gnu/libbz2.so.1.0.4
7003019cf000-7003019dd000 r-xp 00002000 103:02 14024730                  /usr/lib/x86_64-linux-gnu/libbz2.so.1.0.4
7003019dd000-7003019df000 r--p 00010000 103:02 14024730                  /usr/lib/x86_64-linux-gnu/libbz2.so.1.0.4
7003019df000-7003019e0000 r--p 00011000 103:02 14024730                  /usr/lib/x86_64-linux-gnu/libbz2.so.1.0.4
7003019e0000-7003019e1000 rw-p 00012000 103:02 14024730                  /usr/lib/x86_64-linux-gnu/libbz2.so.1.0.4
7003019e1000-7003019e9000 r--p 00000000 103:02 14040714                  /usr/lib/x86_64-linux-gnu/libpangoft2-1.0.so.0.5200.1
7003019e9000-7003019f6000 r-xp 00008000 103:02 14040714                  /usr/lib/x86_64-linux-gnu/libpangoft2-1.0.so.0.5200.1
7003019f6000-7003019fa000 r--p 00015000 103:02 14040714                  /usr/lib/x86_64-linux-gnu/libpangoft2-1.0.so.0.5200.1
7003019fa000-7003019fb000 r--p 00019000 103:02 14040714                  /usr/lib/x86_64-linux-gnu/libpangoft2-1.0.so.0.5200.1
7003019fb000-7003019fc000 rw-p 0001a000 103:02 14040714                  /usr/lib/x86_64-linux-gnu/libpangoft2-1.0.so.0.5200.1
7003019fc000-700301a02000 r--p 00000000 103:02 14040808                  /usr/lib/x86_64-linux-gnu/libselinux.so.1
700301a02000-700301a1f000 r-xp 00006000 103:02 14040808                  /usr/lib/x86_64-linux-gnu/libselinux.so.1
700301a1f000-700301a25000 r--p 00023000 103:02 14040808                  /usr/lib/x86_64-linux-gnu/libselinux.so.1
700301a25000-700301a26000 r--p 00029000 103:02 14040808                  /usr/lib/x86_64-linux-gnu/libselinux.so.1
700301a26000-700301a27000 rw-p 0002a000 103:02 14040808                  /usr/lib/x86_64-linux-gnu/libselinux.so.1
700301a27000-700301a29000 rw-p 00000000 00:00 0 
700301a29000-700301a32000 r--p 00000000 103:02 14033340                  /usr/lib/x86_64-linux-gnu/libmount.so.1.1.0
700301a32000-700301a66000 r-xp 00009000 103:02 14033340                  /usr/lib/x86_64-linux-gnu/libmount.so.1.1.0
700301a66000-700301a73000 r--p 0003d000 103:02 14033340                  /usr/lib/x86_64-linux-gnu/libmount.so.1.1.0
700301a73000-700301a75000 r--p 00049000 103:02 14033340                  /usr/lib/x86_64-linux-gnu/libmount.so.1.1.0
700301a75000-700301a76000 rw-p 0004b000 103:02 14033340                  /usr/lib/x86_64-linux-gnu/libmount.so.1.1.0
700301a76000-700301a7a000 r--p 00000000 103:02 14025232                  /usr/lib/x86_64-linux-gnu/libexpat.so.1.9.1
700301a7a000-700301a97000 r-xp 00004000 103:02 14025232                  /usr/lib/x86_64-linux-gnu/libexpat.so.1.9.1
700301a97000-700301a9f000 r--p 00021000 103:02 14025232                  /usr/lib/x86_64-linux-gnu/libexpat.so.1.9.1
700301a9f000-700301aa1000 r--p 00028000 103:02 14025232                  /usr/lib/x86_64-linux-gnu/libexpat.so.1.9.1
700301aa1000-700301aa2000 rw-p 0002a000 103:02 14025232                  /usr/lib/x86_64-linux-gnu/libexpat.so.1.9.1
700301aa2000-700301aad000 r--p 00000000 103:02 14040508                  /usr/lib/x86_64-linux-gnu/libharfbuzz.so.0.60830.0
700301aad000-700301b7b000 r-xp 0000b000 103:02 14040508                  /usr/lib/x86_64-linux-gnu/libharfbuzz.so.0.60830.0
700301b7b000-700301bad000 r--p 000d9000 103:02 14040508                  /usr/lib/x86_64-linux-gnu/libharfbuzz.so.0.60830.0
700301bad000-700301bae000 r--p 0010b000 103:02 14040508                  /usr/lib/x86_64-linux-gnu/libharfbuzz.so.0.60830.0
700301bae000-700301baf000 rw-p 0010c000 103:02 14040508                  /usr/lib/x86_64-linux-gnu/libharfbuzz.so.0.60830.0
700301baf000-700301bb1000 r--p 00000000 103:02 14040863                  /usr/lib/x86_64-linux-gnu/libthai.so.0.3.1
700301bb1000-700301bb5000 r-xp 00002000 103:02 14040863                  /usr/lib/x86_64-linux-gnu/libthai.so.0.3.1
700301bb5000-700301bb8000 r--p 00006000 103:02 14040863                  /usr/lib/x86_64-linux-gnu/libthai.so.0.3.1
700301bb8000-700301bb9000 r--p 00008000 103:02 14040863                  /usr/lib/x86_64-linux-gnu/libthai.so.0.3.1
700301bb9000-700301bba000 rw-p 00009000 103:02 14040863                  /usr/lib/x86_64-linux-gnu/libthai.so.0.3.1
700301bba000-700301bc4000 r--p 00000000 103:02 14040735                  /usr/lib/x86_64-linux-gnu/libpixman-1.so.0.42.2
700301bc4000-700301c51000 r-xp 0000a000 103:02 14040735                  /usr/lib/x86_64-linux-gnu/libpixman-1.so.0.42.2
700301c51000-700301c60000 r--p 00097000 103:02 14040735                  /usr/lib/x86_64-linux-gnu/libpixman-1.so.0.42.2
700301c60000-700301c68000 r--p 000a5000 103:02 14040735                  /usr/lib/x86_64-linux-gnu/libpixman-1.so.0.42.2
700301c68000-700301c69000 rw-p 000ad000 103:02 14040735                  /usr/lib/x86_64-linux-gnu/libpixman-1.so.0.42.2
700301c69000-700301c6a000 r--p 00000000 103:02 14040968                  /usr/lib/x86_64-linux-gnu/libxcb-shm.so.0.0.0
700301c6a000-700301c6b000 r-xp 00001000 103:02 14040968                  /usr/lib/x86_64-linux-gnu/libxcb-shm.so.0.0.0
700301c6b000-700301c6c000 r--p 00002000 103:02 14040968                  /usr/lib/x86_64-linux-gnu/libxcb-shm.so.0.0.0
700301c6c000-700301c6d000 r--p 00002000 103:02 14040968                  /usr/lib/x86_64-linux-gnu/libxcb-shm.so.0.0.0
700301c6d000-700301c6e000 rw-p 00003000 103:02 14040968                  /usr/lib/x86_64-linux-gnu/libxcb-shm.so.0.0.0
700301c6e000-700301c73000 r--p 00000000 103:02 14040965                  /usr/lib/x86_64-linux-gnu/libxcb-render.so.0.0.0
700301c73000-700301c78000 r-xp 00005000 103:02 14040965                  /usr/lib/x86_64-linux-gnu/libxcb-render.so.0.0.0
700301c78000-700301c7b000 r--p 0000a000 103:02 14040965                  /usr/lib/x86_64-linux-gnu/libxcb-render.so.0.0.0
700301c7b000-700301c7c000 r--p 0000c000 103:02 14040965                  /usr/lib/x86_64-linux-gnu/libxcb-render.so.0.0.0
700301c7c000-700301c7d000 rw-p 0000d000 103:02 14040965                  /usr/lib/x86_64-linux-gnu/libxcb-render.so.0.0.0
700301c7d000-700301c88000 r--p 00000000 103:02 14040974                  /usr/lib/x86_64-linux-gnu/libxcb.so.1.1.0
700301c88000-700301c9b000 r-xp 0000b000 103:02 14040974                  /usr/lib/x86_64-linux-gnu/libxcb.so.1.1.0
700301c9b000-700301ca4000 r--p 0001e000 103:02 14040974                  /usr/lib/x86_64-linux-gnu/libxcb.so.1.1.0
700301ca4000-700301ca5000 r--p 00026000 103:02 14040974                  /usr/lib/x86_64-linux-gnu/libxcb.so.1.1.0
700301ca5000-700301ca6000 rw-p 00027000 103:02 14040974                  /usr/lib/x86_64-linux-gnu/libxcb.so.1.1.0
700301ca6000-700301ca8000 r--p 00000000 103:02 14040117                  /usr/lib/x86_64-linux-gnu/libXrender.so.1.3.0
700301ca8000-700301caf000 r-xp 00002000 103:02 14040117                  /usr/lib/x86_64-linux-gnu/libXrender.so.1.3.0
700301caf000-700301cb0000 r--p 00009000 103:02 14040117                  /usr/lib/x86_64-linux-gnu/libXrender.so.1.3.0
700301cb0000-700301cb1000 r--p 00009000 103:02 14040117                  /usr/lib/x86_64-linux-gnu/libXrender.so.1.3.0
700301cb1000-700301cb2000 rw-p 0000a000 103:02 14040117                  /usr/lib/x86_64-linux-gnu/libXrender.so.1.3.0
700301cb2000-700301cbf000 r--p 00000000 103:02 14031609                  /usr/lib/x86_64-linux-gnu/libfreetype.so.6.20.1
700301cbf000-700301d50000 r-xp 0000d000 103:02 14031609                  /usr/lib/x86_64-linux-gnu/libfreetype.so.6.20.1
700301d50000-700301d76000 r--p 0009e000 103:02 14031609                  /usr/lib/x86_64-linux-gnu/libfreetype.so.6.20.1
700301d76000-700301d7d000 r--p 000c4000 103:02 14031609                  /usr/lib/x86_64-linux-gnu/libfreetype.so.6.20.1
700301d7d000-700301d7e000 rw-p 000cb000 103:02 14031609                  /usr/lib/x86_64-linux-gnu/libfreetype.so.6.20.1
700301d7e000-700301d80000 r--p 00000000 103:02 14031343                  /usr/lib/x86_64-linux-gnu/libz.so.1.3
700301d80000-700301d92000 r-xp 00002000 103:02 14031343                  /usr/lib/x86_64-linux-gnu/libz.so.1.3
700301d92000-700301d98000 r--p 00014000 103:02 14031343                  /usr/lib/x86_64-linux-gnu/libz.so.1.3
700301d98000-700301d99000 r--p 0001a000 103:02 14031343                  /usr/lib/x86_64-linux-gnu/libz.so.1.3
700301d99000-700301d9a000 rw-p 0001b000 103:02 14031343                  /usr/lib/x86_64-linux-gnu/libz.so.1.3
700301d9a000-700301d9c000 r--p 00000000 103:02 14040726                  /usr/lib/x86_64-linux-gnu/libpcre2-8.so.0.11.2
700301d9c000-700301e0a000 r-xp 00002000 103:02 14040726                  /usr/lib/x86_64-linux-gnu/libpcre2-8.so.0.11.2
700301e0a000-700301e32000 r--p 00070000 103:02 14040726                  /usr/lib/x86_64-linux-gnu/libpcre2-8.so.0.11.2
700301e32000-700301e33000 r--p 00097000 103:02 14040726                  /usr/lib/x86_64-linux-gnu/libpcre2-8.so.0.11.2
700301e33000-700301e34000 rw-p 00098000 103:02 14040726                  /usr/lib/x86_64-linux-gnu/libpcre2-8.so.0.11.2
700301e34000-700301e36000 r--p 00000000 103:02 14040377                  /usr/lib/x86_64-linux-gnu/libffi.so.8.1.4
700301e36000-700301e3d000 r-xp 00002000 103:02 14040377                  /usr/lib/x86_64-linux-gnu/libffi.so.8.1.4
700301e3d000-700301e3e000 r--p 00009000 103:02 14040377                  /usr/lib/x86_64-linux-gnu/libffi.so.8.1.4
700301e3e000-700301e3f000 r--p 0000a000 103:02 14040377                  /usr/lib/x86_64-linux-gnu/libffi.so.8.1.4
700301e3f000-700301e40000 rw-p 0000b000 103:02 14040377                  /usr/lib/x86_64-linux-gnu/libffi.so.8.1.4
700301e40000-700301e44000 r--p 00000000 103:02 14040560                  /usr/lib/x86_64-linux-gnu/libjpeg.so.8.2.2
700301e44000-700301e91000 r-xp 00004000 103:02 14040560                  /usr/lib/x86_64-linux-gnu/libjpeg.so.8.2.2
700301e91000-700301ec1000 r--p 00051000 103:02 14040560                  /usr/lib/x86_64-linux-gnu/libjpeg.so.8.2.2
700301ec1000-700301ec2000 r--p 00081000 103:02 14040560                  /usr/lib/x86_64-linux-gnu/libjpeg.so.8.2.2
700301ec2000-700301ec3000 rw-p 00082000 103:02 14040560                  /usr/lib/x86_64-linux-gnu/libjpeg.so.8.2.2
700301ec3000-700301edc000 r--p 00000000 103:02 14040099                  /usr/lib/x86_64-linux-gnu/libX11.so.6.4.0
700301edc000-700301f6c000 r-xp 00019000 103:02 14040099                  /usr/lib/x86_64-linux-gnu/libX11.so.6.4.0
700301f6c000-700301ffb000 r--p 000a9000 103:02 14040099                  /usr/lib/x86_64-linux-gnu/libX11.so.6.4.0
700301ffb000-700301ffc000 r--p 00138000 103:02 14040099                  /usr/lib/x86_64-linux-gnu/libX11.so.6.4.0
700301ffc000-700302000000 rw-p 00139000 103:02 14040099                  /usr/lib/x86_64-linux-gnu/libX11.so.6.4.0
700302000000-700304021000 rw-p 00000000 00:00 0 
700304021000-700308000000 ---p 00000000 00:00 0 
700308000000-700308021000 rw-p 00000000 00:00 0 
700308021000-70030c000000 ---p 00000000 00:00 0 
70030c000000-70030c021000 rw-p 00000000 00:00 0 
70030c021000-700310000000 ---p 00000000 00:00 0 
700310004000-700310009000 r--p 00000000 103:02 14033501                  /usr/lib/x86_64-linux-gnu/libpng16.so.16.43.0
700310009000-700310031000 r-xp 00005000 103:02 14033501                  /usr/lib/x86_64-linux-gnu/libpng16.so.16.43.0
700310031000-70031003a000 r--p 0002d000 103:02 14033501                  /usr/lib/x86_64-linux-gnu/libpng16.so.16.43.0
70031003a000-70031003b000 r--p 00035000 103:02 14033501                  /usr/lib/x86_64-linux-gnu/libpng16.so.16.43.0
70031003b000-70031003c000 rw-p 00036000 103:02 14033501                  /usr/lib/x86_64-linux-gnu/libpng16.so.16.43.0
70031003c000-70031003e000 r--p 00000000 103:02 14040435                  /usr/lib/x86_64-linux-gnu/libgmodule-2.0.so.0.8000.0
70031003e000-700310040000 r-xp 00002000 103:02 14040435                  /usr/lib/x86_64-linux-gnu/libgmodule-2.0.so.0.8000.0
700310040000-700310041000 r--p 00004000 103:02 14040435                  /usr/lib/x86_64-linux-gnu/libgmodule-2.0.so.0.8000.0
700310041000-700310042000 r--p 00004000 103:02 14040435                  /usr/lib/x86_64-linux-gnu/libgmodule-2.0.so.0.8000.0
700310042000-700310043000 rw-p 00005000 103:02 14040435                  /usr/lib/x86_64-linux-gnu/libgmodule-2.0.so.0.8000.0
700310043000-700310044000 r--p 00000000 103:02 14040112                  /usr/lib/x86_64-linux-gnu/libXinerama.so.1.0.0
700310044000-700310045000 r-xp 00001000 103:02 14040112                  /usr/lib/x86_64-linux-gnu/libXinerama.so.1.0.0
700310045000-700310046000 r--p 00002000 103:02 14040112                  /usr/lib/x86_64-linux-gnu/libXinerama.so.1.0.0
700310046000-700310047000 r--p 00002000 103:02 14040112                  /usr/lib/x86_64-linux-gnu/libXinerama.so.1.0.0
700310047000-700310048000 rw-p 00003000 103:02 14040112                  /usr/lib/x86_64-linux-gnu/libXinerama.so.1.0.0
700310048000-70031004a000 r--p 00000000 103:02 14040116                  /usr/lib/x86_64-linux-gnu/libXrandr.so.2.2.0
70031004a000-700310051000 r-xp 00002000 103:02 14040116                  /usr/lib/x86_64-linux-gnu/libXrandr.so.2.2.0
700310051000-700310053000 r--p 00009000 103:02 14040116                  /usr/lib/x86_64-linux-gnu/libXrandr.so.2.2.0
700310053000-700310054000 r--p 0000a000 103:02 14040116                  /usr/lib/x86_64-linux-gnu/libXrandr.so.2.2.0
700310054000-700310055000 rw-p 0000b000 103:02 14040116                  /usr/lib/x86_64-linux-gnu/libXrandr.so.2.2.0
700310055000-700310056000 r--p 00000000 103:02 14040103                  /usr/lib/x86_64-linux-gnu/libXcomposite.so.1.0.0
700310056000-700310057000 r-xp 00001000 103:02 14040103                  /usr/lib/x86_64-linux-gnu/libXcomposite.so.1.0.0
700310057000-700310058000 r--p 00002000 103:02 14040103                  /usr/lib/x86_64-linux-gnu/libXcomposite.so.1.0.0
700310058000-700310059000 r--p 00002000 103:02 14040103                  /usr/lib/x86_64-linux-gnu/libXcomposite.so.1.0.0
700310059000-70031005a000 rw-p 00003000 103:02 14040103                  /usr/lib/x86_64-linux-gnu/libXcomposite.so.1.0.0
70031005a000-70031005c000 r--p 00000000 103:02 14040108                  /usr/lib/x86_64-linux-gnu/libXfixes.so.3.1.0
70031005c000-70031005f000 r-xp 00002000 103:02 14040108                  /usr/lib/x86_64-linux-gnu/libXfixes.so.3.1.0
70031005f000-700310060000 r--p 00005000 103:02 14040108                  /usr/lib/x86_64-linux-gnu/libXfixes.so.3.1.0
700310060000-700310061000 r--p 00005000 103:02 14040108                  /usr/lib/x86_64-linux-gnu/libXfixes.so.3.1.0
700310061000-700310062000 rw-p 00006000 103:02 14040108                  /usr/lib/x86_64-linux-gnu/libXfixes.so.3.1.0
700310062000-700310064000 r--p 00000000 103:02 14040104                  /usr/lib/x86_64-linux-gnu/libXcursor.so.1.0.2
700310064000-70031006a000 r-xp 00002000 103:02 14040104                  /usr/lib/x86_64-linux-gnu/libXcursor.so.1.0.2
70031006a000-70031006c000 r--p 00008000 103:02 14040104                  /usr/lib/x86_64-linux-gnu/libXcursor.so.1.0.2
70031006c000-70031006d000 r--p 00009000 103:02 14040104                  /usr/lib/x86_64-linux-gnu/libXcursor.so.1.0.2
70031006d000-70031006e000 rw-p 0000a000 103:02 14040104                  /usr/lib/x86_64-linux-gnu/libXcursor.so.1.0.2
70031006e000-700310072000 r--p 00000000 103:02 14040107                  /usr/lib/x86_64-linux-gnu/libXext.so.6.4.0
700310072000-70031007d000 r-xp 00004000 103:02 14040107                  /usr/lib/x86_64-linux-gnu/libXext.so.6.4.0
70031007d000-700310080000 r--p 0000f000 103:02 14040107                  /usr/lib/x86_64-linux-gnu/libXext.so.6.4.0
700310080000-700310081000 r--p 00011000 103:02 14040107                  /usr/lib/x86_64-linux-gnu/libXext.so.6.4.0
700310081000-700310082000 rw-p 00012000 103:02 14040107                  /usr/lib/x86_64-linux-gnu/libXext.so.6.4.0
700310082000-700310085000 r--p 00000000 103:02 14040111                  /usr/lib/x86_64-linux-gnu/libXi.so.6.1.0
700310085000-700310091000 r-xp 00003000 103:02 14040111                  /usr/lib/x86_64-linux-gnu/libXi.so.6.1.0
700310091000-700310093000 r--p 0000f000 103:02 14040111                  /usr/lib/x86_64-linux-gnu/libXi.so.6.1.0
700310093000-700310094000 r--p 00011000 103:02 14040111                  /usr/lib/x86_64-linux-gnu/libXi.so.6.1.0
700310094000-700310095000 rw-p 00012000 103:02 14040111                  /usr/lib/x86_64-linux-gnu/libXi.so.6.1.0
700310095000-700310097000 r--p 00000000 103:02 14040930                  /usr/lib/x86_64-linux-gnu/libwayland-cursor.so.0.22.0
700310097000-700310099000 r-xp 00002000 103:02 14040930                  /usr/lib/x86_64-linux-gnu/libwayland-cursor.so.0.22.0
700310099000-70031009a000 r--p 00004000 103:02 14040930                  /usr/lib/x86_64-linux-gnu/libwayland-cursor.so.0.22.0
70031009a000-70031009b000 r--p 00004000 103:02 14040930                  /usr/lib/x86_64-linux-gnu/libwayland-cursor.so.0.22.0
70031009b000-70031009f000 rw-p 00005000 103:02 14040930                  /usr/lib/x86_64-linux-gnu/libwayland-cursor.so.0.22.0
70031009f000-7003100a4000 r--p 00000000 103:02 14040929                  /usr/lib/x86_64-linux-gnu/libwayland-client.so.0.22.0
7003100a4000-7003100aa000 r-xp 00005000 103:02 14040929                  /usr/lib/x86_64-linux-gnu/libwayland-client.so.0.22.0
7003100aa000-7003100ac000 r--p 0000b000 103:02 14040929                  /usr/lib/x86_64-linux-gnu/libwayland-client.so.0.22.0
7003100ac000-7003100ae000 r--p 0000d000 103:02 14040929                  /usr/lib/x86_64-linux-gnu/libwayland-client.so.0.22.0
7003100ae000-7003100af000 rw-p 0000f000 103:02 14040929                  /usr/lib/x86_64-linux-gnu/libwayland-client.so.0.22.0
7003100af000-7003100b4000 r--p 00000000 103:02 14040977                  /usr/lib/x86_64-linux-gnu/libxkbcommon.so.0.0.0
7003100b4000-7003100d4000 r-xp 00005000 103:02 14040977                  /usr/lib/x86_64-linux-gnu/libxkbcommon.so.0.0.0
7003100d4000-7003100f5000 r--p 00025000 103:02 14040977                  /usr/lib/x86_64-linux-gnu/libxkbcommon.so.0.0.0
7003100f5000-7003100f7000 r--p 00045000 103:02 14040977                  /usr/lib/x86_64-linux-gnu/libxkbcommon.so.0.0.0
7003100f7000-7003100f8000 rw-p 00047000 103:02 14040977                  /usr/lib/x86_64-linux-gnu/libxkbcommon.so.0.0.0
7003100f8000-7003100fd000 r--p 00000000 103:02 14040713                  /usr/lib/x86_64-linux-gnu/libpangocairo-1.0.so.0.5200.1
7003100fd000-700310105000 r-xp 00005000 103:02 14040713                  /usr/lib/x86_64-linux-gnu/libpangocairo-1.0.so.0.5200.1
700310105000-700310107000 r--p 0000d000 103:02 14040713                  /usr/lib/x86_64-linux-gnu/libpangocairo-1.0.so.0.5200.1
700310107000-700310108000 r--p 0000f000 103:02 14040713                  /usr/lib/x86_64-linux-gnu/libpangocairo-1.0.so.0.5200.1
700310108000-700310109000 rw-p 00010000 103:02 14040713                  /usr/lib/x86_64-linux-gnu/libpangocairo-1.0.so.0.5200.1
700310109000-700310142000 r--p 00000000 103:02 14040428                  /usr/lib/x86_64-linux-gnu/libgio-2.0.so.0.8000.0
700310142000-700310259000 r-xp 00039000 103:02 14040428                  /usr/lib/x86_64-linux-gnu/libgio-2.0.so.0.8000.0
700310259000-7003102ce000 r--p 00150000 103:02 14040428                  /usr/lib/x86_64-linux-gnu/libgio-2.0.so.0.8000.0
7003102ce000-7003102d6000 r--p 001c4000 103:02 14040428                  /usr/lib/x86_64-linux-gnu/libgio-2.0.so.0.8000.0
7003102d6000-7003102d7000 rw-p 001cc000 103:02 14040428                  /usr/lib/x86_64-linux-gnu/libgio-2.0.so.0.8000.0
7003102d7000-7003102d9000 rw-p 00000000 00:00 0 
7003102d9000-7003102e1000 r--p 00000000 103:02 14040383                  /usr/lib/x86_64-linux-gnu/libfontconfig.so.1.12.1
7003102e1000-700310310000 r-xp 00008000 103:02 14040383                  /usr/lib/x86_64-linux-gnu/libfontconfig.so.1.12.1
700310310000-700310327000 r--p 00037000 103:02 14040383                  /usr/lib/x86_64-linux-gnu/libfontconfig.so.1.12.1
700310327000-700310329000 r--p 0004d000 103:02 14040383                  /usr/lib/x86_64-linux-gnu/libfontconfig.so.1.12.1
700310329000-70031032a000 rw-p 0004f000 103:02 14040383                  /usr/lib/x86_64-linux-gnu/libfontconfig.so.1.12.1
70031032a000-70031038a000 r--p 00000000 103:02 14040358                  /usr/lib/x86_64-linux-gnu/libepoxy.so.0.0.0
70031038a000-7003103f0000 r-xp 00060000 103:02 14040358                  /usr/lib/x86_64-linux-gnu/libepoxy.so.0.0.0
7003103f0000-70031043e000 r--p 000c6000 103:02 14040358                  /usr/lib/x86_64-linux-gnu/libepoxy.so.0.0.0
70031043e000-700310446000 r--p 00113000 103:02 14040358                  /usr/lib/x86_64-linux-gnu/libepoxy.so.0.0.0
700310446000-70031044d000 rw-p 0011b000 103:02 14040358                  /usr/lib/x86_64-linux-gnu/libepoxy.so.0.0.0
70031044d000-700310451000 r--p 00000000 103:02 14040261                  /usr/lib/x86_64-linux-gnu/libcairo-gobject.so.2.11800.0
700310451000-700310453000 r-xp 00004000 103:02 14040261                  /usr/lib/x86_64-linux-gnu/libcairo-gobject.so.2.11800.0
700310453000-700310456000 r--p 00006000 103:02 14040261                  /usr/lib/x86_64-linux-gnu/libcairo-gobject.so.2.11800.0
700310456000-700310458000 r--p 00008000 103:02 14040261                  /usr/lib/x86_64-linux-gnu/libcairo-gobject.so.2.11800.0
700310458000-700310459000 rw-p 0000a000 103:02 14040261                  /usr/lib/x86_64-linux-gnu/libcairo-gobject.so.2.11800.0
700310459000-70031045b000 r--p 00000000 103:02 14040399                  /usr/lib/x86_64-linux-gnu/libfribidi.so.0.4.0
70031045b000-70031045f000 r-xp 00002000 103:02 14040399                  /usr/lib/x86_64-linux-gnu/libfribidi.so.0.4.0
70031045f000-700310475000 r--p 00006000 103:02 14040399                  /usr/lib/x86_64-linux-gnu/libfribidi.so.0.4.0
700310475000-700310476000 r--p 0001c000 103:02 14040399                  /usr/lib/x86_64-linux-gnu/libfribidi.so.0.4.0
700310476000-700310477000 rw-p 0001d000 103:02 14040399                  /usr/lib/x86_64-linux-gnu/libfribidi.so.0.4.0
700310477000-70031048a000 r--p 00000000 103:02 14040712                  /usr/lib/x86_64-linux-gnu/libpango-1.0.so.0.5200.1
70031048a000-7003104c3000 r-xp 00013000 103:02 14040712                  /usr/lib/x86_64-linux-gnu/libpango-1.0.so.0.5200.1
7003104c3000-7003104dd000 r--p 0004c000 103:02 14040712                  /usr/lib/x86_64-linux-gnu/libpango-1.0.so.0.5200.1
7003104dd000-7003104e1000 r--p 00065000 103:02 14040712                  /usr/lib/x86_64-linux-gnu/libpango-1.0.so.0.5200.1
7003104e1000-7003104e2000 rw-p 00069000 103:02 14040712                  /usr/lib/x86_64-linux-gnu/libpango-1.0.so.0.5200.1
7003104e2000-7003104f6000 r--p 00000000 103:02 14040263                  /usr/lib/x86_64-linux-gnu/libcairo.so.2.11800.0
7003104f6000-7003105e7000 r-xp 00014000 103:02 14040263                  /usr/lib/x86_64-linux-gnu/libcairo.so.2.11800.0
7003105e7000-70031061f000 r--p 00105000 103:02 14040263                  /usr/lib/x86_64-linux-gnu/libcairo.so.2.11800.0
70031061f000-700310623000 r--p 0013d000 103:02 14040263                  /usr/lib/x86_64-linux-gnu/libcairo.so.2.11800.0
700310623000-700310625000 rw-p 00141000 103:02 14040263                  /usr/lib/x86_64-linux-gnu/libcairo.so.2.11800.0
700310625000-700310626000 rw-p 00000000 00:00 0 
700310626000-700310644000 r--p 00000000 103:02 14040432                  /usr/lib/x86_64-linux-gnu/libglib-2.0.so.0.8000.0
700310644000-7003106e4000 r-xp 0001e000 103:02 14040432                  /usr/lib/x86_64-linux-gnu/libglib-2.0.so.0.8000.0
7003106e4000-70031076c000 r--p 000be000 103:02 14040432                  /usr/lib/x86_64-linux-gnu/libglib-2.0.so.0.8000.0
70031076c000-70031076d000 r--p 00146000 103:02 14040432                  /usr/lib/x86_64-linux-gnu/libglib-2.0.so.0.8000.0
70031076d000-70031076e000 rw-p 00147000 103:02 14040432                  /usr/lib/x86_64-linux-gnu/libglib-2.0.so.0.8000.0
70031076e000-70031076f000 rw-p 00000000 00:00 0 
70031076f000-70031077e000 r--p 00000000 103:02 14040450                  /usr/lib/x86_64-linux-gnu/libgobject-2.0.so.0.8000.0
70031077e000-7003107b5000 r-xp 0000f000 103:02 14040450                  /usr/lib/x86_64-linux-gnu/libgobject-2.0.so.0.8000.0
7003107b5000-7003107ce000 r--p 00046000 103:02 14040450                  /usr/lib/x86_64-linux-gnu/libgobject-2.0.so.0.8000.0
7003107ce000-7003107d1000 r--p 0005e000 103:02 14040450                  /usr/lib/x86_64-linux-gnu/libgobject-2.0.so.0.8000.0
7003107d1000-7003107d2000 rw-p 00061000 103:02 14040450                  /usr/lib/x86_64-linux-gnu/libgobject-2.0.so.0.8000.0
7003107d2000-7003107da000 r--p 00000000 103:02 14045061                  /usr/lib/x86_64-linux-gnu/libgdk_pixbuf-2.0.so.0.4200.10
7003107da000-7003107f5000 r-xp 00008000 103:02 14045061                  /usr/lib/x86_64-linux-gnu/libgdk_pixbuf-2.0.so.0.4200.10
7003107f5000-7003107fe000 r--p 00023000 103:02 14045061                  /usr/lib/x86_64-linux-gnu/libgdk_pixbuf-2.0.so.0.4200.10
7003107fe000-7003107ff000 r--p 0002c000 103:02 14045061                  /usr/lib/x86_64-linux-gnu/libgdk_pixbuf-2.0.so.0.4200.10
7003107ff000-700310800000 rw-p 0002d000 103:02 14045061                  /usr/lib/x86_64-linux-gnu/libgdk_pixbuf-2.0.so.0.4200.10
700310800000-70031082a000 r--p 00000000 103:02 14040419                  /usr/lib/x86_64-linux-gnu/libgdk-3.so.0.2409.32
70031082a000-7003108ae000 r-xp 0002a000 103:02 14040419                  /usr/lib/x86_64-linux-gnu/libgdk-3.so.0.2409.32
7003108ae000-7003108f0000 r--p 000ae000 103:02 14040419                  /usr/lib/x86_64-linux-gnu/libgdk-3.so.0.2409.32
7003108f0000-7003108f9000 r--p 000ef000 103:02 14040419                  /usr/lib/x86_64-linux-gnu/libgdk-3.so.0.2409.32
7003108f9000-7003108fb000 rw-p 000f8000 103:02 14040419                  /usr/lib/x86_64-linux-gnu/libgdk-3.so.0.2409.32
7003108fb000-7003108fd000 r--p 00000000 103:02 14040915                  /usr/lib/x86_64-linux-gnu/libvorbisfile.so.3.3.8
7003108fd000-700310902000 r-xp 00002000 103:02 14040915                  /usr/lib/x86_64-linux-gnu/libvorbisfile.so.3.3.8
700310902000-700310903000 r--p 00007000 103:02 14040915                  /usr/lib/x86_64-linux-gnu/libvorbisfile.so.3.3.8
700310903000-700310904000 r--p 00007000 103:02 14040915                  /usr/lib/x86_64-linux-gnu/libvorbisfile.so.3.3.8
700310904000-700310905000 rw-p 00008000 103:02 14040915                  /usr/lib/x86_64-linux-gnu/libvorbisfile.so.3.3.8
700310905000-700310907000 r--p 00000000 103:02 14040268                  /usr/lib/x86_64-linux-gnu/libcanberra-gtk3.so.0.1.9
700310907000-700310909000 r-xp 00002000 103:02 14040268                  /usr/lib/x86_64-linux-gnu/libcanberra-gtk3.so.0.1.9
700310909000-70031090a000 r--p 00004000 103:02 14040268                  /usr/lib/x86_64-linux-gnu/libcanberra-gtk3.so.0.1.9
70031090a000-70031090b000 r--p 00004000 103:02 14040268                  /usr/lib/x86_64-linux-gnu/libcanberra-gtk3.so.0.1.9
70031090b000-70031090c000 rw-p 00005000 103:02 14040268                  /usr/lib/x86_64-linux-gnu/libcanberra-gtk3.so.0.1.9
70031090c000-70031090e000 r--p 00000000 103:02 14156005                  /usr/lib/x86_64-linux-gnu/gtk-3.0/modules/libcanberra-gtk3-module.so
70031090e000-700310911000 r-xp 00002000 103:02 14156005                  /usr/lib/x86_64-linux-gnu/gtk-3.0/modules/libcanberra-gtk3-module.so
700310911000-700310912000 r--p 00005000 103:02 14156005                  /usr/lib/x86_64-linux-gnu/gtk-3.0/modules/libcanberra-gtk3-module.so
700310912000-700310913000 r--p 00005000 103:02 14156005                  /usr/lib/x86_64-linux-gnu/gtk-3.0/modules/libcanberra-gtk3-module.so
700310913000-700310914000 rw-p 00006000 103:02 14156005                  /usr/lib/x86_64-linux-gnu/gtk-3.0/modules/libcanberra-gtk3-module.so
700310914000-700310918000 r--p 00000000 07:26 2154                       /snap/dbeaver-ce/549/usr/share/dbeaver-ce/plugins/org.eclipse.equinox.launcher.gtk.linux.x86_64_1.2.1500.v20250801-0854/eclipse_11916.so
700310918000-700310922000 r-xp 00004000 07:26 2154                       /snap/dbeaver-ce/549/usr/share/dbeaver-ce/plugins/org.eclipse.equinox.launcher.gtk.linux.x86_64_1.2.1500.v20250801-0854/eclipse_11916.so
700310922000-700310925000 r--p 0000e000 07:26 2154                       /snap/dbeaver-ce/549/usr/share/dbeaver-ce/plugins/org.eclipse.equinox.launcher.gtk.linux.x86_64_1.2.1500.v20250801-0854/eclipse_11916.so
700310925000-700310926000 r--p 00010000 07:26 2154                       /snap/dbeaver-ce/549/usr/share/dbeaver-ce/plugins/org.eclipse.equinox.launcher.gtk.linux.x86_64_1.2.1500.v20250801-0854/eclipse_11916.so
700310926000-700310927000 rw-p 00011000 07:26 2154                       /snap/dbeaver-ce/549/usr/share/dbeaver-ce/plugins/org.eclipse.equinox.launcher.gtk.linux.x86_64_1.2.1500.v20250801-0854/eclipse_11916.so
700310927000-700310928000 rw-p 00000000 00:00 0 
700310928000-70031092a000 r--p 00000000 07:26 1856                       /snap/dbeaver-ce/549/usr/share/dbeaver-ce/jre/lib/libzip.so
70031092a000-70031093d000 r-xp 00002000 07:26 1856                       /snap/dbeaver-ce/549/usr/share/dbeaver-ce/jre/lib/libzip.so
70031093d000-700310944000 r--p 00015000 07:26 1856                       /snap/dbeaver-ce/549/usr/share/dbeaver-ce/jre/lib/libzip.so
700310944000-700310945000 r--p 0001c000 07:26 1856                       /snap/dbeaver-ce/549/usr/share/dbeaver-ce/jre/lib/libzip.so
700310945000-700310946000 rw-p 0001d000 07:26 1856                       /snap/dbeaver-ce/549/usr/share/dbeaver-ce/jre/lib/libzip.so
700310946000-700310949000 r--p 00000000 07:26 1848                       /snap/dbeaver-ce/549/usr/share/dbeaver-ce/jre/lib/libnet.so
700310949000-700310951000 r-xp 00003000 07:26 1848                       /snap/dbeaver-ce/549/usr/share/dbeaver-ce/jre/lib/libnet.so
700310951000-700310953000 r--p 0000b000 07:26 1848                       /snap/dbeaver-ce/549/usr/share/dbeaver-ce/jre/lib/libnet.so
700310953000-700310954000 r--p 0000c000 07:26 1848                       /snap/dbeaver-ce/549/usr/share/dbeaver-ce/jre/lib/libnet.so
700310954000-700310955000 rw-p 0000d000 07:26 1848                       /snap/dbeaver-ce/549/usr/share/dbeaver-ce/jre/lib/libnet.so
700310955000-700310959000 ---p 00000000 00:00 0 
700310959000-700310a55000 rw-p 00000000 00:00 0 
700310a55000-700310a59000 ---p 00000000 00:00 0 
700310a59000-700310b55000 rw-p 00000000 00:00 0 
700310b55000-700310b56000 r--p 00000000 07:26 1852                       /snap/dbeaver-ce/549/usr/share/dbeaver-ce/jre/lib/libsimdsort.so
700310b56000-700310b8f000 r-xp 00001000 07:26 1852                       /snap/dbeaver-ce/549/usr/share/dbeaver-ce/jre/lib/libsimdsort.so
700310b8f000-700310b95000 r--p 0003a000 07:26 1852                       /snap/dbeaver-ce/549/usr/share/dbeaver-ce/jre/lib/libsimdsort.so
700310b95000-700310b96000 r--p 0003f000 07:26 1852                       /snap/dbeaver-ce/549/usr/share/dbeaver-ce/jre/lib/libsimdsort.so
700310b96000-700310b97000 rw-p 00040000 07:26 1852                       /snap/dbeaver-ce/549/usr/share/dbeaver-ce/jre/lib/libsimdsort.so
700310b97000-700310b9b000 ---p 00000000 00:00 0 
700310b9b000-700310c97000 rw-p 00000000 00:00 0 
700310c97000-700310c9b000 ---p 00000000 00:00 0 
700310c9b000-700310d97000 rw-p 00000000 00:00 0 
700310d97000-700310d9b000 ---p 00000000 00:00 0 
700310d9b000-700310e97000 rw-p 00000000 00:00 0 
700310e97000-700311767000 rwxp 00000000 00:00 0 
700311767000-7003183cf000 ---p 00000000 00:00 0 
7003183cf000-70031863f000 rwxp 00000000 00:00 0 
70031863f000-700318961000 ---p 00000000 00:00 0 
700318961000-700318bd1000 rwxp 00000000 00:00 0 
700318bd1000-70031fe99000 ---p 00000000 00:00 0 
70031fe99000-700324000000 r--s 00000000 07:26 1857                       /snap/dbeaver-ce/549/usr/share/dbeaver-ce/jre/lib/modules
700324000000-700325bff000 rw-p 00000000 00:00 0 
700325bff000-700328004000 ---p 00000000 00:00 0 
700328004000-700328100000 rw-p 00000000 00:00 0 
700328100000-700328104000 ---p 00000000 00:00 0 
700328104000-700328200000 rw-p 00000000 00:00 0 
700328200000-700328204000 ---p 00000000 00:00 0 
700328204000-700328300000 rw-p 00000000 00:00 0 
700328300000-700328304000 ---p 00000000 00:00 0 
700328304000-700328400000 rw-p 00000000 00:00 0 
700328400000-700328975000 r--p 00000000 103:02 14025651                  /usr/lib/locale/locale-archive
700328975000-700328976000 r--p 00000000 103:02 14040105                  /usr/lib/x86_64-linux-gnu/libXdamage.so.1.1.0
700328976000-700328977000 r-xp 00001000 103:02 14040105                  /usr/lib/x86_64-linux-gnu/libXdamage.so.1.1.0
700328977000-700328978000 r--p 00002000 103:02 14040105                  /usr/lib/x86_64-linux-gnu/libXdamage.so.1.1.0
700328978000-700328979000 r--p 00002000 103:02 14040105                  /usr/lib/x86_64-linux-gnu/libXdamage.so.1.1.0
700328979000-70032897a000 rw-p 00003000 103:02 14040105                  /usr/lib/x86_64-linux-gnu/libXdamage.so.1.1.0
70032897a000-700328982000 r--p 00000000 07:26 1849                       /snap/dbeaver-ce/549/usr/share/dbeaver-ce/jre/lib/libnio.so
700328982000-70032898b000 r-xp 00008000 07:26 1849                       /snap/dbeaver-ce/549/usr/share/dbeaver-ce/jre/lib/libnio.so
70032898b000-70032898f000 r--p 00011000 07:26 1849                       /snap/dbeaver-ce/549/usr/share/dbeaver-ce/jre/lib/libnio.so
70032898f000-700328990000 r--p 00015000 07:26 1849                       /snap/dbeaver-ce/549/usr/share/dbeaver-ce/jre/lib/libnio.so
700328990000-700328991000 rw-p 00016000 07:26 1849                       /snap/dbeaver-ce/549/usr/share/dbeaver-ce/jre/lib/libnio.so
700328991000-700328992000 ---p 00000000 00:00 0 
700328992000-700328a92000 rw-p 00000000 00:00 0 
700328a92000-700328a93000 ---p 00000000 00:00 0 
700328a93000-700328b93000 rw-p 00000000 00:00 0 
700328b93000-700328cb0000 rw-p 00000000 00:00 0 
700328cb0000-700328cb1000 ---p 00000000 00:00 0 
700328cb1000-700328db1000 rw-p 00000000 00:00 0 
700328db1000-700328db2000 ---p 00000000 00:00 0 
700328db2000-700328eb2000 rw-p 00000000 00:00 0 
700328eb2000-7003296ba000 rw-p 00000000 00:00 0 
7003296ba000-7003296bb000 ---p 00000000 00:00 0 
7003296bb000-7003297bb000 rw-p 00000000 00:00 0 
7003297bb000-7003297bc000 ---p 00000000 00:00 0 
7003297bc000-7003298bc000 rw-p 00000000 00:00 0 
7003298bc000-7003298bd000 ---p 00000000 00:00 0 
7003298bd000-7003299bd000 rw-p 00000000 00:00 0 
7003299bd000-700329be4000 rw-p 00000000 00:00 0 
700329be4000-700329c04000 ---p 00000000 00:00 0 
700329c04000-700329c18000 rw-p 00000000 00:00 0 
700329c18000-700329c70000 ---p 00000000 00:00 0 
700329c70000-700329c74000 rw-p 00000000 00:00 0 
700329c74000-70032aa00000 ---p 00000000 00:00 0 
70032aa00000-70032aa3d000 rw-p 00000000 00:00 0 
70032aa3d000-70032aa40000 ---p 00000000 00:00 0 
70032aa40000-70032aa43000 rw-p 00000000 00:00 0 
70032aa43000-70032aa4e000 ---p 00000000 00:00 0 
70032aa4e000-70032aa4f000 rw-p 00000000 00:00 0 
70032aa4f000-70032ac00000 ---p 00000000 00:00 0 
70032ac00000-70032ac3d000 rw-p 00000000 00:00 0 
70032ac3d000-70032ac40000 ---p 00000000 00:00 0 
70032ac40000-70032ac43000 rw-p 00000000 00:00 0 
70032ac43000-70032ac4e000 ---p 00000000 00:00 0 
70032ac4e000-70032ac4f000 rw-p 00000000 00:00 0 
70032ac4f000-70032ae00000 ---p 00000000 00:00 0 
70032ae03000-70032b610000 rw-p 00000000 00:00 0 
70032b610000-70032b6f6000 ---p 00000000 00:00 0 
70032b6f6000-70032b708000 rw-p 00000000 00:00 0 
70032b708000-70032b7e1000 ---p 00000000 00:00 0 
70032b7e1000-70032b7ef000 r--p 00000000 07:26 1837                       /snap/dbeaver-ce/549/usr/share/dbeaver-ce/jre/lib/libjava.so
70032b7ef000-70032b7fd000 r-xp 0000e000 07:26 1837                       /snap/dbeaver-ce/549/usr/share/dbeaver-ce/jre/lib/libjava.so
70032b7fd000-70032b802000 r--p 0001c000 07:26 1837                       /snap/dbeaver-ce/549/usr/share/dbeaver-ce/jre/lib/libjava.so
70032b802000-70032b803000 r--p 00021000 07:26 1837                       /snap/dbeaver-ce/549/usr/share/dbeaver-ce/jre/lib/libjava.so
70032b803000-70032b804000 rw-p 00022000 07:26 1837                       /snap/dbeaver-ce/549/usr/share/dbeaver-ce/jre/lib/libjava.so
70032b804000-70032b805000 rw-p 00000000 00:00 0 
70032b805000-70032b809000 ---p 00000000 00:00 0 
70032b809000-70032b905000 rw-p 00000000 00:00 0 
70032b905000-70032b915000 r--p 00000000 103:02 14027266                  /usr/lib/x86_64-linux-gnu/libm.so.6
70032b915000-70032b994000 r-xp 00010000 103:02 14027266                  /usr/lib/x86_64-linux-gnu/libm.so.6
70032b994000-70032b9ec000 r--p 0008f000 103:02 14027266                  /usr/lib/x86_64-linux-gnu/libm.so.6
70032b9ec000-70032b9ed000 r--p 000e7000 103:02 14027266                  /usr/lib/x86_64-linux-gnu/libm.so.6
70032b9ed000-70032b9ee000 rw-p 000e8000 103:02 14027266                  /usr/lib/x86_64-linux-gnu/libm.so.6
70032b9ee000-70032bcd1000 r--p 00000000 07:26 1866                       /snap/dbeaver-ce/549/usr/share/dbeaver-ce/jre/lib/server/libjvm.so
70032bcd1000-70032cd5d000 r-xp 002e3000 07:26 1866                       /snap/dbeaver-ce/549/usr/share/dbeaver-ce/jre/lib/server/libjvm.so
70032cd5d000-70032d06e000 r--p 0136f000 07:26 1866                       /snap/dbeaver-ce/549/usr/share/dbeaver-ce/jre/lib/server/libjvm.so
70032d06e000-70032d159000 r--p 01680000 07:26 1866                       /snap/dbeaver-ce/549/usr/share/dbeaver-ce/jre/lib/server/libjvm.so
70032d159000-70032d184000 rw-p 0176b000 07:26 1866                       /snap/dbeaver-ce/549/usr/share/dbeaver-ce/jre/lib/server/libjvm.so
70032d184000-70032d200000 rw-p 00000000 00:00 0 
70032d200000-70032d228000 r--p 00000000 103:02 14027232                  /usr/lib/x86_64-linux-gnu/libc.so.6
70032d228000-70032d3b0000 r-xp 00028000 103:02 14027232                  /usr/lib/x86_64-linux-gnu/libc.so.6
70032d3b0000-70032d3ff000 r--p 001b0000 103:02 14027232                  /usr/lib/x86_64-linux-gnu/libc.so.6
70032d3ff000-70032d403000 r--p 001fe000 103:02 14027232                  /usr/lib/x86_64-linux-gnu/libc.so.6
70032d403000-70032d405000 rw-p 00202000 103:02 14027232                  /usr/lib/x86_64-linux-gnu/libc.so.6
70032d405000-70032d412000 rw-p 00000000 00:00 0 
70032d415000-70032d416000 r--s 00000000 103:02 11017873                  /var/cache/fontconfig/da43223dd54fb3bb4243ae19d4b583b2-le64.cache-9
70032d416000-70032d417000 r--p 00000000 103:02 14040931                  /usr/lib/x86_64-linux-gnu/libwayland-egl.so.1.22.0
70032d417000-70032d418000 r-xp 00001000 103:02 14040931                  /usr/lib/x86_64-linux-gnu/libwayland-egl.so.1.22.0
70032d418000-70032d419000 r--p 00002000 103:02 14040931                  /usr/lib/x86_64-linux-gnu/libwayland-egl.so.1.22.0
70032d419000-70032d41a000 r--p 00002000 103:02 14040931                  /usr/lib/x86_64-linux-gnu/libwayland-egl.so.1.22.0
70032d41a000-70032d41b000 rw-p 00003000 103:02 14040931                  /usr/lib/x86_64-linux-gnu/libwayland-egl.so.1.22.0
70032d41b000-70032d41f000 r--p 00000000 07:26 1840                       /snap/dbeaver-ce/549/usr/share/dbeaver-ce/jre/lib/libjimage.so
70032d41f000-70032d437000 r-xp 00004000 07:26 1840                       /snap/dbeaver-ce/549/usr/share/dbeaver-ce/jre/lib/libjimage.so
70032d437000-70032d43d000 r--p 0001c000 07:26 1840                       /snap/dbeaver-ce/549/usr/share/dbeaver-ce/jre/lib/libjimage.so
70032d43d000-70032d43f000 r--p 00021000 07:26 1840                       /snap/dbeaver-ce/549/usr/share/dbeaver-ce/jre/lib/libjimage.so
70032d43f000-70032d440000 rw-p 00023000 07:26 1840                       /snap/dbeaver-ce/549/usr/share/dbeaver-ce/jre/lib/libjimage.so
70032d440000-70032d441000 r--p 00000000 103:02 14027277                  /usr/lib/x86_64-linux-gnu/librt.so.1
70032d441000-70032d442000 r-xp 00001000 103:02 14027277                  /usr/lib/x86_64-linux-gnu/librt.so.1
70032d442000-70032d443000 r--p 00002000 103:02 14027277                  /usr/lib/x86_64-linux-gnu/librt.so.1
70032d443000-70032d444000 r--p 00002000 103:02 14027277                  /usr/lib/x86_64-linux-gnu/librt.so.1
70032d444000-70032d445000 rw-p 00003000 103:02 14027277                  /usr/lib/x86_64-linux-gnu/librt.so.1
70032d445000-70032d447000 rw-p 00000000 00:00 0 
70032d447000-70032d448000 r--p 00000000 103:02 14027275                  /usr/lib/x86_64-linux-gnu/libpthread.so.0
70032d448000-70032d449000 r-xp 00001000 103:02 14027275                  /usr/lib/x86_64-linux-gnu/libpthread.so.0
70032d449000-70032d44a000 r--p 00002000 103:02 14027275                  /usr/lib/x86_64-linux-gnu/libpthread.so.0
70032d44a000-70032d44b000 r--p 00002000 103:02 14027275                  /usr/lib/x86_64-linux-gnu/libpthread.so.0
70032d44b000-70032d44c000 rw-p 00003000 103:02 14027275                  /usr/lib/x86_64-linux-gnu/libpthread.so.0
70032d44c000-70032d44d000 r--p 00000000 103:02 14027234                  /usr/lib/x86_64-linux-gnu/libdl.so.2
70032d44d000-70032d44e000 r-xp 00001000 103:02 14027234                  /usr/lib/x86_64-linux-gnu/libdl.so.2
70032d44e000-70032d44f000 r--p 00002000 103:02 14027234                  /usr/lib/x86_64-linux-gnu/libdl.so.2
70032d44f000-70032d450000 r--p 00002000 103:02 14027234                  /usr/lib/x86_64-linux-gnu/libdl.so.2
70032d450000-70032d451000 rw-p 00003000 103:02 14027234                  /usr/lib/x86_64-linux-gnu/libdl.so.2
70032d451000-70032d452000 r--s 00000000 103:02 11010451                  /var/cache/fontconfig/3f7329c5293ffd510edef78f73874cfd-le64.cache-9
70032d452000-70032d453000 r--p 00000000 103:02 14428967                  /usr/share/locale-langpack/en/LC_MESSAGES/gtk30.mo
70032d453000-70032d458000 rw-p 00000000 00:00 0 
70032d458000-70032d45f000 ---p 00000000 00:00 0 
70032d45f000-70032d467000 rw-s 00000000 103:02 10880026                  /tmp/hsperfdata_amina/42813
70032d467000-70032d468000 ---p 00000000 00:00 0 
70032d468000-70032d469000 r--p 00000000 00:00 0 
70032d469000-70032d46a000 ---p 00000000 00:00 0 
70032d46a000-70032d46d000 r--p 00000000 07:26 1841                       /snap/dbeaver-ce/549/usr/share/dbeaver-ce/jre/lib/libjli.so
70032d46d000-70032d47e000 r-xp 00003000 07:26 1841                       /snap/dbeaver-ce/549/usr/share/dbeaver-ce/jre/lib/libjli.so
70032d47e000-70032d485000 r--p 00014000 07:26 1841                       /snap/dbeaver-ce/549/usr/share/dbeaver-ce/jre/lib/libjli.so
70032d485000-70032d486000 r--p 0001a000 07:26 1841                       /snap/dbeaver-ce/549/usr/share/dbeaver-ce/jre/lib/libjli.so
70032d486000-70032d487000 rw-p 0001b000 07:26 1841                       /snap/dbeaver-ce/549/usr/share/dbeaver-ce/jre/lib/libjli.so
70032d487000-70032d489000 rw-p 00000000 00:00 0 
70032d489000-70032d48d000 r--p 00000000 00:00 0                          [vvar]
70032d48d000-70032d48f000 r--p 00000000 00:00 0                          [vvar_vclock]
70032d48f000-70032d491000 r-xp 00000000 00:00 0                          [vdso]
70032d491000-70032d492000 r--p 00000000 103:02 14027229                  /usr/lib/x86_64-linux-gnu/ld-linux-x86-64.so.2
70032d492000-70032d4bd000 r-xp 00001000 103:02 14027229                  /usr/lib/x86_64-linux-gnu/ld-linux-x86-64.so.2
70032d4bd000-70032d4c7000 r--p 0002c000 103:02 14027229                  /usr/lib/x86_64-linux-gnu/ld-linux-x86-64.so.2
70032d4c7000-70032d4c9000 r--p 00036000 103:02 14027229                  /usr/lib/x86_64-linux-gnu/ld-linux-x86-64.so.2
70032d4c9000-70032d4cb000 rw-p 00038000 103:02 14027229                  /usr/lib/x86_64-linux-gnu/ld-linux-x86-64.so.2
7ffd5cd52000-7ffd5cd75000 rw-p 00000000 00:00 0                          [stack]
ffffffffff600000-ffffffffff601000 --xp 00000000 00:00 0                  [vsyscall]
Total number of mappings: 1024

JVMTI agents: none


VM Arguments:
jvm_args: -XX:+IgnoreUnrecognizedVMOptions -Dosgi.requiredJavaVersion=21 -Dfile.encoding=UTF-8 --sun-misc-unsafe-memory-access=allow --enable-native-access=ALL-UNNAMED --add-modules=ALL-DEFAULT --add-opens=java.base/java.io=ALL-UNNAMED --add-opens=java.base/java.lang=ALL-UNNAMED --add-opens=java.base/java.lang.reflect=ALL-UNNAMED --add-opens=java.base/java.net=ALL-UNNAMED --add-opens=java.base/java.nio=ALL-UNNAMED --add-opens=java.base/java.nio.charset=ALL-UNNAMED --add-opens=java.base/java.text=ALL-UNNAMED --add-opens=java.base/java.time=ALL-UNNAMED --add-opens=java.base/java.util=ALL-UNNAMED --add-opens=java.base/java.util.concurrent=ALL-UNNAMED --add-opens=java.base/java.util.concurrent.atomic=ALL-UNNAMED --add-opens=java.base/jdk.internal.vm=ALL-UNNAMED --add-opens=java.base/jdk.internal.misc=ALL-UNNAMED --add-opens=java.base/sun.nio.ch=ALL-UNNAMED --add-opens=java.base/sun.nio.fs=ALL-UNNAMED --add-opens=java.base/sun.security.ssl=ALL-UNNAMED --add-opens=java.base/sun.security.util=ALL-UNNAMED --add-opens=java.security.jgss/sun.security.jgss=ALL-UNNAMED --add-opens=java.security.jgss/sun.security.krb5=ALL-UNNAMED --add-opens=java.desktop/java.awt=ALL-UNNAMED --add-opens=java.desktop/java.awt.peer=ALL-UNNAMED --add-opens=java.sql/java.sql=ALL-UNNAMED -Xms64m -Xmx1024m -Ddbeaver.distribution.type=deb -Duser.home=/home/amina/snap/dbeaver-ce/549 
java_command: /snap/dbeaver-ce/549/usr/share/dbeaver-ce//plugins/org.jkiss.dbeaver.launcher_1.0.60.202608301738.jar -os linux -ws gtk -arch x86_64 -showsplash -launcher /snap/dbeaver-ce/549/usr/share/dbeaver-ce/dbeaver -name Dbeaver --launcher.library /snap/dbeaver-ce/549/usr/share/dbeaver-ce//plugins/org.eclipse.equinox.launcher.gtk.linux.x86_64_1.2.1500.v20250801-0854/eclipse_11916.so -startup /snap/dbeaver-ce/549/usr/share/dbeaver-ce//plugins/org.jkiss.dbeaver.launcher_1.0.60.202608301738.jar --launcher.overrideVmargs -exitdata 50010 -vm /snap/dbeaver-ce/549/usr/share/dbeaver-ce/jre/bin/java -vmargs -XX:+IgnoreUnrecognizedVMOptions -Dosgi.requiredJavaVersion=21 -Dfile.encoding=UTF-8 --sun-misc-unsafe-memory-access=allow --enable-native-access=ALL-UNNAMED --add-modules=ALL-DEFAULT --add-opens=java.base/java.io=ALL-UNNAMED --add-opens=java.base/java.lang=ALL-UNNAMED --add-opens=java.base/java.lang.reflect=ALL-UNNAMED --add-opens=java.base/java.net=ALL-UNNAMED --add-opens=java.base/java.nio=ALL-UNNAMED --add-opens=java.base/java.nio.charset=ALL-UNNAMED --add-opens=java.base/java.text=ALL-UNNAMED --add-opens=java.base/java.time=ALL-UNNAMED --add-opens=java.base/java.util=ALL-UNNAMED --add-opens=java.base/java.util.concurrent=ALL-UNNAMED --add-opens=java.base/java.util.concurrent.atomic=ALL-UNNAMED --add-opens=java.base/jdk.internal.vm=ALL-UNNAMED --add-opens=java.base/jdk.internal.misc=ALL-UNNAMED --add-opens=java.base/sun.nio.ch=ALL-UNNAMED --add-opens=java.base/sun.nio.fs=ALL-UNNAMED --add-opens=java.base/sun.security.ssl=ALL-UNNAMED --add-opens=java.base/sun.security.util=ALL-UNNAMED --add-opens=java.security.jgss/sun.security.jgss=ALL-UNNAMED --add-opens=java.security.jgss/sun.security.krb5=ALL-UNNAMED --add-opens=java.desktop/java.awt=ALL-UNNAMED --add-opens=java.desktop/java.awt.peer=ALL-UNNAMED --add-opens=java.sql/java.sql=ALL-UNNAMED -Xms64m -Xmx1024m -Ddbeaver.distribution.type=deb -jar /snap/dbeaver-ce/549/usr/share/dbeaver-ce//plugins/org.jkiss.dbeaver.
java_class_path (initial): /snap/dbeaver-ce/549/usr/share/dbeaver-ce//plugins/org.jkiss.dbeaver.launcher_1.0.60.202608301738.jar
Launcher Type: SUN_STANDARD

[Global flags]
     intx CICompilerCount                          = 4                                         {product} {ergonomic}
     uint ConcGCThreads                            = 2                                         {product} {ergonomic}
     uint G1ConcRefinementThreads                  = 8                                         {product} {ergonomic}
   size_t G1HeapRegionSize                         = 1048576                                   {product} {ergonomic}
     bool IgnoreUnrecognizedVMOptions              = true                                      {product} {command line}
   size_t InitialHeapSize                          = 67108864                                  {product} {command line}
   size_t MarkStackSize                            = 4194304                                   {product} {ergonomic}
   size_t MarkStackSizeMax                         = 536870912                                 {product} {ergonomic}
   size_t MaxHeapSize                              = 1073741824                                {product} {command line}
   size_t MaxNewSize                               = 643825664                                 {product} {ergonomic}
   size_t MinHeapDeltaBytes                        = 1048576                                   {product} {ergonomic}
   size_t MinHeapSize                              = 67108864                                  {product} {command line}
    uintx NonNMethodCodeHeapSize                   = 5840896                                {pd product} {ergonomic}
    uintx NonProfiledCodeHeapSize                  = 122912768                              {pd product} {ergonomic}
    uintx ProfiledCodeHeapSize                     = 122912768                              {pd product} {ergonomic}
    uintx ReservedCodeCacheSize                    = 251666432                              {pd product} {ergonomic}
     bool SegmentedCodeCache                       = true                                      {product} {ergonomic}
   size_t SoftMaxHeapSize                          = 1073741824                             {manageable} {ergonomic}
     bool UseCompressedOops                        = true                           {product lp64_product} {ergonomic}
     bool UseG1GC                                  = true                                      {product} {ergonomic}

Logging:
Log output configuration:
 #0: stdout all=warning uptime,level,tags foldmultilines=false
 #1: stderr all=off uptime,level,tags foldmultilines=false

Release file:
JAVA_VERSION="25.0.3"
MODULES="java.base java.compiler java.datatransfer java.xml java.prefs java.desktop java.logging java.management java.security.sasl java.naming java.rmi java.management.rmi java.net.http java.scripting java.security.jgss java.transaction.xa java.sql java.sql.rowset jdk.accessibility jdk.internal.jvmstat jdk.attach jdk.charsets jdk.crypto.cryptoki jdk.crypto.ec jdk.dynalink jdk.httpserver jdk.jcmd jdk.localedata jdk.management jdk.naming.dns jdk.naming.rmi jdk.net jdk.security.auth jdk.security.jgss jdk.unsupported jdk.xml.dom"

Environment Variables:
JAVA_HOME=/usr/lib/jvm/jdk-25.0.2-oracle-x64/
_JAVA_OPTIONS=-Duser.home=/home/amina/snap/dbeaver-ce/549
PATH=/home/amina/.bun/bin:/home/amina/.config/composer/vendor/bin:/home/amina/.nvm/versions/node/v24.18.0/bin:/home/amina/anaconda3/bin:/home/amina/.local/bin:/usr/local/sbin:/usr/local/bin:/usr/sbin:/usr/bin:/sbin:/bin:/usr/games:/usr/local/games:/snap/bin:/snap/bin:/home/amina/flutter/bin:/home/amina/Android/Sdk/platform-tools
USERNAME=amina
SHELL=/bin/bash
DISPLAY=:0
LANG=en_US.UTF-8
TERM=xterm-256color

Active Locale:
LC_ALL=en_US.UTF-8
LC_COLLATE=en_US.UTF-8
LC_CTYPE=en_US.UTF-8
LC_MESSAGES=en_US.UTF-8
LC_MONETARY=en_US.UTF-8
LC_NUMERIC=en_US.UTF-8
LC_TIME=en_US.UTF-8

Signal Handlers:
   SIGSEGV: crash_handler in libjvm.so, mask=11100100010111111101111111111110, flags=SA_RESTART|SA_SIGINFO, unblocked
    SIGBUS: crash_handler in libjvm.so, mask=11100100010111111101111111111110, flags=SA_RESTART|SA_SIGINFO, unblocked
    SIGFPE: crash_handler in libjvm.so, mask=11100100010111111101111111111110, flags=SA_RESTART|SA_SIGINFO, unblocked
   SIGPIPE: SIG_IGN, mask=00000000000010000000000000000000, flags=SA_RESTART, blocked
  *** Handler was modified!
  *** Expected: javaSignalHandler in libjvm.so, mask=11100100110111111111111111111110, flags=SA_RESTART|SA_SIGINFO
   SIGXFSZ: javaSignalHandler in libjvm.so, mask=11100100010111111101111111111110, flags=SA_RESTART|SA_SIGINFO, blocked
    SIGILL: crash_handler in libjvm.so, mask=11100100010111111101111111111110, flags=SA_RESTART|SA_SIGINFO, unblocked
   SIGUSR2: SR_handler in libjvm.so, mask=00000000000000000000000000000000, flags=SA_RESTART|SA_SIGINFO, blocked
    SIGHUP: UserHandler in libjvm.so, mask=11100100010111111101111111111110, flags=SA_RESTART|SA_SIGINFO, blocked
    SIGINT: UserHandler in libjvm.so, mask=11100100010111111101111111111110, flags=SA_RESTART|SA_SIGINFO, blocked
   SIGTERM: UserHandler in libjvm.so, mask=11100100010111111101111111111110, flags=SA_RESTART|SA_SIGINFO, blocked
   SIGQUIT: UserHandler in libjvm.so, mask=11100100010111111101111111111110, flags=SA_RESTART|SA_SIGINFO, blocked
   SIGTRAP: crash_handler in libjvm.so, mask=11100100010111111101111111111110, flags=SA_RESTART|SA_SIGINFO, unblocked


Compilation memory statistics disabled.

Periodic native trim disabled

---------------  S Y S T E M  ---------------

OS:
DISTRIB_ID=Ubuntu
DISTRIB_RELEASE=24.04
DISTRIB_CODENAME=noble
DISTRIB_DESCRIPTION="Ubuntu 24.04.5 LTS"
uname: Linux 7.0.0-31-generic #31~24.04.1-Ubuntu SMP PREEMPT_DYNAMIC Mon Aug 10 09:38:02 UTC 2 x86_64
OS uptime: 0 days 2:52 hours
libc: glibc 2.39 NPTL 2.39 
rlimit (soft/hard): STACK 8192k/infinity , CORE 0k/infinity , NPROC 55884/55884 , NOFILE 1048576/1048576 , AS infinity/infinity , CPU infinity/infinity , DATA infinity/infinity , FSIZE infinity/infinity , MEMLOCK 2026620k/2026620k
load average: 3.03 2.12 1.77

/proc/meminfo:
MemTotal:       16212964 kB
MemFree:          264000 kB
MemAvailable:    5240608 kB
Buffers:          287540 kB
Cached:          5298180 kB
SwapCached:        61216 kB
Active:          5232552 kB
Inactive:        8789312 kB
Active(anon):    4475452 kB
Inactive(anon):  4646484 kB
Active(file):     757100 kB
Inactive(file):  4142828 kB
Unevictable:      738560 kB
Mlocked:             112 kB
SwapTotal:       4194300 kB
SwapFree:        2162192 kB
Zswap:                 0 kB
Zswapped:              0 kB
Dirty:              6560 kB
Writeback:             0 kB
AnonPages:       9152092 kB
Mapped:          1275252 kB
Shmem:           1888484 kB
KReclaimable:     414588 kB
Slab:             807800 kB
SReclaimable:     414588 kB
SUnreclaim:       393212 kB
KernelStack:       46208 kB
PageTables:       149972 kB
SecPageTables:      2880 kB
NFS_Unstable:          0 kB
Bounce:                0 kB
WritebackTmp:          0 kB
CommitLimit:    12300780 kB
Committed_AS:   36024068 kB
VmallocTotal:   34359738367 kB
VmallocUsed:       92836 kB
VmallocChunk:          0 kB
Percpu:            10304 kB
HardwareCorrupted:     0 kB
AnonHugePages:         0 kB
ShmemHugePages:        0 kB
ShmemPmdMapped:        0 kB
FileHugePages:     63488 kB
FilePmdMapped:         0 kB
CmaTotal:              0 kB
CmaFree:               0 kB
Unaccepted:            0 kB
Balloon:               0 kB
HugePages_Total:       0
HugePages_Free:        0
HugePages_Rsvd:        0
HugePages_Surp:        0
Hugepagesize:       2048 kB
Hugetlb:               0 kB
DirectMap4k:      298584 kB
DirectMap2M:     5832704 kB
DirectMap1G:    10485760 kB

/sys/kernel/mm/transparent_hugepage/enabled: always [madvise] never
/sys/kernel/mm/transparent_hugepage/hpage_pmd_size: 2097152
/sys/kernel/mm/transparent_hugepage/shmem_enabled: always within_size advise [never] deny force
/sys/kernel/mm/transparent_hugepage/defrag (defrag/compaction efforts parameter): always defer defer+madvise [madvise] never

Process Memory:
Virtual Size: 6860796K (peak: 6860896K)
Resident Set Size: 363020K (peak: 363020K) (anon: 304420K, file: 57192K, shmem: 1408K)
Swapped out: 0K
C-Heap outstanding allocations: 75048K, retained: 63587K
glibc malloc tunables: (default)

/proc/sys/kernel/threads-max (system-wide limit on the number of threads): 111769
/proc/sys/vm/max_map_count (maximum number of memory map areas a process may have): 1048576
/proc/sys/vm/swappiness (control to define how aggressively the kernel swaps out anonymous memory): 60
/proc/sys/kernel/pid_max (system-wide limit on number of process identifiers): 4194304

container information not found.
Steal ticks since vm start: 0
Steal ticks percentage since vm start:  0.000

CPU: total 8 (initial active 8) (4 cores per cpu, 2 threads per core) family 6 model 142 stepping 10 microcode 0xf6, cx8, cmov, fxsr, ht, mmx, 3dnowpref, sse, sse2, sse3, ssse3, sse4.1, sse4.2, popcnt, lzcnt, tsc, tscinvbit, avx, avx2, aes, erms, clmul, bmi1, bmi2, adx, fma, vzeroupper, clflush, clflushopt, rdtscp, f16c
CPU Model and flags from /proc/cpuinfo:
model name	: Intel(R) Core(TM) i5-8350U CPU @ 1.70GHz
flags		: fpu vme de pse tsc msr pae mce cx8 apic sep mtrr pge mca cmov pat pse36 clflush dts acpi mmx fxsr sse sse2 ss ht tm pbe syscall nx pdpe1gb rdtscp lm constant_tsc art arch_perfmon pebs bts rep_good nopl xtopology nonstop_tsc cpuid aperfmperf pni pclmulqdq dtes64 monitor ds_cpl vmx smx est tm2 ssse3 sdbg fma cx16 xtpr pdcm pcid sse4_1 sse4_2 x2apic movbe popcnt tsc_deadline_timer aes xsave avx f16c rdrand lahf_lm abm 3dnowprefetch cpuid_fault epb pti ssbd ibrs ibpb stibp tpr_shadow flexpriority ept vpid ept_ad fsgsbase tsc_adjust bmi1 avx2 smep bmi2 erms invpcid mpx rdseed adx smap clflushopt intel_pt xsaveopt xsavec xgetbv1 xsaves dtherm ida arat pln pts hwp hwp_notify hwp_act_window hwp_epp vnmi md_clear flush_l1d arch_capabilities

Online cpus: 0-7
Offline cpus: 
BIOS frequency limitation: <Not Available>
Frequency switch latency (ns): 0
Available cpu frequencies: <Not Available>
Current governor: powersave
Core performance/turbo boost: <Not Available>

Memory: 4k page, physical 16212964k(5240608k free), swap 4194300k(2162192k free)
Page Sizes: 4k

vm_info: OpenJDK 64-Bit Server VM (25.0.3+9-LTS) for linux-amd64 JRE (25.0.3+9-LTS), built on 2026-04-21T00:00:00Z with gcc 14.2.0

END.
